age,gender,city,department,education_level,education_years,experience_years,hours_worked,remote_work,income,satisfaction,salary,high_earner
56,Male,Peshawar,Sales,Master,18,36,43.0,No,22871.07,10.0,60382.19,No
69,Male,Islamabad,Marketing,PhD,17,3,43.8,No,59069.27,9.2,69256.45,No
46,Female,Karachi,Finance,Master,17,3,29.1,No,39872.99,3.0,47323.75,No
32,Male,Karachi,HR,Bachelor,15,19,37.4,No,26554.93,1.5,49940.87,No
60,Female,Quetta,HR,Bachelor,20,9,53.8,Yes,42068.54,3.3,57636.91,No
25,Female,Quetta,Marketing,Diploma,13,23,40.8,No,33369.04,5.7,53878.91,No
38,Male,Karachi,Sales,Bachelor,17,34,55.2,No,88742.83,2.5,113639.58,Yes
56,Female,Karachi,HR,Bachelor,12,25,34.2,Yes,72632.8,2.5,88871.71,Yes
36,Female,Quetta,Sales,Bachelor,18,36,41.9,No,54840.55,5.2,82590.14,Yes
40,Female,Peshawar,Marketing,Bachelor,11,37,36.9,Yes,84598.88,1.3,105918.4,Yes
28,Female,Lahore,Sales,Bachelor,11,20,44.7,Yes,56123.75,5.5,81914.95,Yes
28,Male,Lahore,Sales,Bachelor,21,39,47.2,No,37774.32,4.7,77730.44,Yes
41,Male,Karachi,Sales,Bachelor,21,38,44.8,No,85462.48,5.5,117519.72,Yes
53,Other,Quetta,HR,Diploma,16,20,48.3,Yes,65778.2,4.6,83300.96,Yes
57,Female,Islamabad,Engineering,Bachelor,21,9,39.9,Yes,34255.08,5.3,51963.97,No
41,Male,Islamabad,Finance,Bachelor,19,37,38.5,No,51193.23,5.1,92722.23,Yes
20,Female,Lahore,Sales,Master,13,3,25.9,No,37487.63,8.8,47395.19,No
39,Male,Peshawar,Sales,Master,19,19,45.1,No,27344.01,5.8,55657.55,No
19,Male,Lahore,Sales,Bachelor,17,16,41.4,No,73523.55,5.2,86098.55,Yes
41,Female,Karachi,Engineering,PhD,18,6,39.5,Yes,56123.75,4.7,98758.85,Yes
61,Male,Peshawar,Marketing,Bachelor,16,3,38.5,Yes,27028.65,8.4,35578.89,No
47,Female,Islamabad,HR,PhD,14,28,39.7,No,66259.38,9.1,90798.6,Yes
55,Male,Quetta,Engineering,Bachelor,17,13,38.1,No,41987.15,8.7,65661.39,No
19,Female,Quetta,Sales,Bachelor,13,2,35.8,Yes,45257.49,7.1,52858.76,No
38,Male,Karachi,Engineering,PhD,11,23,41.9,Yes,43152.12,2.2,72730.48,No
50,Female,Lahore,Engineering,Master,20,36,43.9,No,37720.18,3.5,70855.54,No
29,Female,Karachi,Engineering,Bachelor,21,15,33.8,No,55970.43,1.4,67758.58,No
39,Male,Quetta,Marketing,Bachelor,15,3,36.8,No,38381.0,9.4,49823.54,No
61,Female,Islamabad,Finance,Bachelor,18,23,38.4,Yes,60409.14,6.9,84132.52,Yes
42,Male,Quetta,HR,Master,10,33,40.0,No,53995.24,7.7,83919.23,Yes
66,Male,Peshawar,Marketing,Bachelor,20,29,39.0,No,50221.04,3.8,80405.04,Yes
44,Female,Quetta,Marketing,Bachelor,19,17,45.3,No,36848.73,8.6,54921.69,No
59,Male,Quetta,Finance,Bachelor,21,18,26.8,No,43464.57,3.3,65986.79,No
45,Female,Peshawar,Marketing,Master,16,30,28.2,No,70107.82,1.0,98763.89,Yes
33,Female,Lahore,Engineering,PhD,19,18,41.5,No,65018.34,4.4,87617.04,Yes
32,Female,Quetta,Engineering,Master,18,18,35.2,No,35448.9,6.1,53186.43,No
64,Male,Karachi,Sales,Bachelor,19,21,47.1,No,56986.65,5.3,80333.01,Yes
68,Male,Quetta,Marketing,Diploma,18,23,49.4,No,70027.74,8.8,100450.52,Yes
61,Male,Karachi,Sales,Master,19,11,41.9,No,21611.89,1.9,35981.25,No
69,Female,Peshawar,HR,PhD,20,29,31.4,No,65867.2,6.0,89533.25,Yes
20,Female,Quetta,Engineering,Bachelor,12,37,48.4,No,41747.52,5.6,77324.78,Yes
54,Female,Peshawar,HR,Bachelor,20,30,41.6,No,66411.97,3.5,96415.57,Yes
68,Male,Karachi,Finance,Master,14,35,28.1,No,39734.82,8.4,69096.46,No
24,Male,Lahore,Engineering,Bachelor,17,18,28.8,No,18902.36,7.8,35254.82,No
38,Male,Quetta,HR,Master,17,35,52.1,No,22449.15,7.6,60042.02,No
26,Male,Karachi,Finance,PhD,13,29,50.8,No,55961.7,8.9,80642.54,Yes
56,Male,Karachi,HR,PhD,21,32,19.9,No,60194.45,7.5,84104.62,Yes
35,Male,Quetta,Finance,Diploma,20,17,29.1,Yes,36913.67,3.1,55516.29,No
21,Male,Lahore,Finance,Master,20,27,49.1,No,67771.85,7.4,97827.71,Yes
42,Male,Lahore,Engineering,Bachelor,10,10,39.9,Yes,21769.6,3.8,34175.59,No
31,Male,Lahore,Sales,Bachelor,10,32,45.6,Yes,53678.4,3.2,88901.08,Yes
67,Male,Karachi,Finance,Bachelor,13,16,39.5,No,30779.68,1.7,37075.52,No
26,Male,Peshawar,Finance,Master,15,5,45.2,Yes,41963.28,7.7,59466.91,No
43,Male,Lahore,Engineering,Bachelor,17,3,40.0,Yes,55947.97,7.4,62953.66,No
19,Female,Karachi,Sales,Bachelor,15,19,36.5,Yes,37791.73,3.1,54900.45,No
37,Male,Karachi,Marketing,Master,21,26,48.5,Yes,47308.89,7.7,69632.03,No
45,Male,Peshawar,Marketing,Master,18,14,41.6,No,75125.86,9.3,92928.68,Yes
64,Male,Quetta,Sales,Diploma,18,5,45.2,No,43462.16,2.0,43582.13,No
24,Male,Quetta,HR,Master,11,13,41.3,No,71713.84,3.1,85461.97,Yes
61,Male,Lahore,Engineering,Master,19,10,36.1,Yes,32405.86,7.8,42638.45,No
25,Male,Lahore,Sales,Master,10,38,52.9,Yes,65596.08,3.5,89907.94,Yes
64,Female,Peshawar,Marketing,Diploma,11,8,42.8,Yes,83831.37,6.6,83072.16,Yes
52,Male,Lahore,Finance,Master,14,25,37.2,No,15000.0,1.7,37430.25,No
31,Male,Peshawar,Marketing,PhD,13,15,50.2,No,39062.09,5.1,59896.26,No
34,Female,Karachi,Finance,Diploma,13,4,29.4,No,66541.44,7.7,77917.08,Yes
53,Male,Lahore,Engineering,Diploma,18,9,57.9,No,50939.09,7.2,61142.21,No
67,Male,Karachi,Finance,Bachelor,20,2,38.6,No,62422.92,8.3,70037.81,No
57,Female,Islamabad,Sales,Bachelor,17,12,29.9,No,42920.3,8.9,60347.86,No
21,Female,Peshawar,Finance,Bachelor,15,29,55.2,No,56731.8,8.0,81012.06,Yes
19,Male,Islamabad,HR,Bachelor,10,5,36.3,Yes,51886.46,7.0,61251.6,No
23,Female,Lahore,Sales,Bachelor,11,16,41.9,Yes,78355.64,1.3,88889.68,Yes
59,Male,Karachi,Engineering,Bachelor,15,18,45.7,No,60088.42,5.8,76452.28,Yes
21,Male,Lahore,Sales,Bachelor,20,34,49.5,No,61752.05,1.3,86067.77,Yes
46,Female,Islamabad,HR,Master,11,25,42.4,No,46762.46,8.3,69321.43,No
35,Male,Lahore,Engineering,Master,19,4,34.8,No,45247.88,3.9,59384.97,No
43,Male,Quetta,Marketing,Bachelor,14,28,41.8,Yes,46348.84,6.1,70252.57,No
61,Female,Islamabad,HR,Master,14,36,36.6,No,62889.04,3.5,82108.78,Yes
51,Female,Lahore,Engineering,Master,15,19,42.0,No,46580.31,8.0,63924.53,No
27,Male,Karachi,Finance,Master,15,20,53.0,Yes,60795.5,9.0,89664.8,Yes
53,Female,Lahore,Sales,Diploma,15,9,46.0,No,56123.75,4.6,107496.97,Yes
31,Male,Karachi,Engineering,Bachelor,11,4,41.7,Yes,72422.49,8.8,74817.93,No
48,Female,Quetta,Sales,Bachelor,19,35,45.9,Yes,48479.53,3.4,84129.15,Yes
65,Male,Lahore,Finance,Bachelor,12,5,46.5,No,79024.28,5.8,85929.58,Yes
32,Male,Quetta,Engineering,Bachelor,15,25,31.4,No,46838.49,8.7,79716.33,Yes
25,Male,Islamabad,Marketing,Master,17,3,40.3,Yes,15000.0,3.9,19017.09,No
31,Male,Karachi,HR,Bachelor,21,38,60.5,Yes,34838.27,9.6,70990.3,No
40,Male,Islamabad,Engineering,Bachelor,20,38,49.7,No,17584.16,2.1,46806.97,No
57,Female,Karachi,Finance,Bachelor,21,34,36.0,Yes,47969.73,1.2,77540.71,Yes
38,Female,Quetta,Engineering,Bachelor,10,0,35.2,No,55368.37,9.1,61393.06,No
33,Male,Peshawar,Sales,Master,10,23,34.9,No,88528.75,1.6,100757.28,Yes
62,Male,Lahore,Engineering,Master,20,35,46.9,Yes,61538.55,9.9,91013.75,Yes
35,Male,Quetta,Marketing,Bachelor,11,5,52.9,No,50617.99,9.6,59069.37,No
64,Female,Karachi,Engineering,Bachelor,20,30,44.7,No,71588.11,2.2,98851.14,Yes
41,Female,Karachi,HR,Bachelor,21,19,41.3,No,15000.0,5.8,34354.75,No
43,Other,Karachi,Engineering,Bachelor,21,23,36.4,Yes,59712.29,2.7,82120.83,Yes
42,Female,Karachi,Sales,PhD,15,24,42.6,Yes,70417.3,4.9,91998.45,Yes
62,Male,Lahore,Engineering,Bachelor,18,35,33.4,No,25428.28,1.6,64095.38,No
58,Male,Islamabad,Marketing,Master,13,20,24.5,No,77875.08,3.0,90243.21,Yes
46,Female,Peshawar,Finance,PhD,12,29,53.1,Yes,61769.93,4.3,81818.06,Yes
32,Female,Lahore,Engineering,Bachelor,21,23,32.0,Yes,46694.24,4.9,81657.59,Yes
62,Male,Karachi,Engineering,Bachelor,17,29,37.4,No,67655.64,9.8,94159.94,Yes
18,Male,Lahore,HR,Diploma,20,21,45.3,No,56123.75,8.3,120909.65,Yes
42,Female,Quetta,Marketing,PhD,19,27,51.5,Yes,58637.33,5.5,89095.42,Yes
24,Male,Karachi,Finance,Bachelor,18,6,42.1,No,59964.41,5.8,60573.54,No
26,Male,Peshawar,Sales,Master,21,34,30.5,Yes,45812.78,8.6,82618.87,Yes
41,Female,Karachi,Engineering,PhD,20,27,37.6,No,38003.11,4.1,57304.22,No
18,Male,Peshawar,Finance,Bachelor,14,13,34.6,No,71606.72,7.4,83412.16,Yes
61,Male,Peshawar,Sales,PhD,18,9,39.7,No,37878.32,9.9,60126.11,No
25,Female,Islamabad,Marketing,Bachelor,11,15,49.9,Yes,56123.75,3.8,64135.85,No
41,Female,Islamabad,Marketing,Master,12,15,19.7,No,45446.85,7.1,51200.07,No
28,Other,Lahore,Finance,Diploma,16,30,36.7,Yes,64579.6,8.6,103340.07,Yes
68,Male,Lahore,Sales,PhD,16,24,36.1,Yes,61673.24,9.2,80930.63,Yes
34,Male,Peshawar,Marketing,Bachelor,15,12,29.9,No,75750.8,7.5,80032.83,Yes
25,Female,Karachi,Finance,Bachelor,15,5,44.7,No,44799.67,3.6,59494.86,No
52,Female,Quetta,Marketing,Master,11,8,28.7,Yes,49602.5,3.9,51479.9,No
52,Male,Quetta,Marketing,Master,19,35,29.6,Yes,35424.73,1.2,79166.83,Yes
50,Female,Karachi,Marketing,Master,15,19,46.8,No,46114.13,7.8,66413.17,No
22,Male,Karachi,HR,Diploma,13,17,52.0,No,62546.01,1.4,83231.19,Yes
59,Male,Islamabad,Sales,PhD,21,20,39.4,Yes,70139.77,8.8,94396.12,Yes
56,Male,Quetta,Finance,Bachelor,12,3,30.3,No,36556.69,2.1,47329.53,No
58,Male,Peshawar,Finance,Bachelor,20,32,34.4,No,72392.12,2.5,96910.66,Yes
45,Male,Lahore,Sales,Bachelor,11,26,48.1,No,82112.76,5.3,98723.47,Yes
24,Female,Islamabad,Sales,Master,10,6,40.9,No,63268.7,7.6,56944.27,No
26,Female,Quetta,Sales,Master,20,5,39.2,Yes,92535.92,2.3,102531.24,Yes
25,Female,Karachi,Sales,Master,20,14,42.5,No,39524.22,5.0,58869.64,No
29,Male,Quetta,Engineering,Bachelor,14,17,39.7,No,30106.91,5.3,44249.6,No
51,Male,Karachi,Finance,Bachelor,11,31,52.4,No,19425.6,2.9,39908.53,No
50,Male,Islamabad,Engineering,Bachelor,11,10,34.0,No,84920.89,2.0,91937.87,Yes
65,Male,Karachi,Marketing,Master,16,19,33.1,No,68087.31,8.5,95408.35,Yes
40,Female,Peshawar,Marketing,Bachelor,17,23,28.9,Yes,53888.31,5.5,76059.67,No
41,Female,Lahore,Finance,Bachelor,19,14,35.7,Yes,60599.37,1.1,71977.2,No
54,Female,Islamabad,Marketing,Bachelor,17,6,31.3,Yes,32490.22,5.5,40015.83,No
52,Male,Peshawar,Sales,Master,13,20,41.7,No,103915.04,9.8,125210.28,Yes
61,Male,Peshawar,Engineering,Bachelor,10,25,40.2,No,57584.42,6.5,74879.74,No
57,Female,Karachi,Sales,PhD,20,13,31.4,No,57187.9,5.5,70163.21,No
39,Male,Lahore,Marketing,Master,16,36,44.7,Yes,69515.33,8.9,108442.47,Yes
44,Female,Peshawar,Engineering,Master,10,20,52.1,No,64620.18,9.6,83725.57,Yes
52,Other,Islamabad,Sales,Master,20,17,42.9,No,59477.68,7.8,77805.37,Yes
18,Male,Peshawar,Finance,Bachelor,13,4,19.7,No,39190.51,5.0,42976.57,No
52,Female,Quetta,Sales,Bachelor,17,2,55.9,Yes,64429.37,6.3,77004.32,Yes
54,Female,Islamabad,Marketing,Diploma,11,22,46.0,Yes,92640.49,7.3,102784.59,Yes
64,Male,Islamabad,Engineering,Master,15,25,55.7,No,81908.4,2.7,100976.13,Yes
31,Female,Peshawar,Finance,Diploma,15,36,48.7,No,86863.73,5.0,106947.97,Yes
20,Male,Karachi,Engineering,Master,21,23,50.3,Yes,44775.69,8.5,78892.46,Yes
18,Male,Islamabad,Finance,Bachelor,18,18,41.6,No,35207.9,6.9,54782.68,No
22,Female,Quetta,Engineering,Bachelor,14,24,37.9,Yes,52484.26,4.7,71047.71,No
43,Female,Karachi,Marketing,Master,19,20,43.0,No,56114.5,7.0,79911.36,Yes
31,Male,Karachi,Finance,Bachelor,13,11,34.3,No,76883.83,2.1,77997.87,Yes
56,Male,Karachi,HR,Bachelor,14,32,43.5,Yes,21150.71,4.6,57392.55,No
44,Female,Islamabad,Engineering,PhD,21,3,19.0,No,85591.01,8.1,89059.2,Yes
26,Female,Karachi,Engineering,Bachelor,21,6,40.3,Yes,51839.84,3.0,56529.36,No
32,Female,Peshawar,Sales,Bachelor,19,21,50.8,Yes,46462.38,2.7,63674.83,No
32,Male,Karachi,Finance,PhD,20,32,40.8,No,34757.91,9.6,66341.12,No
43,Female,Quetta,HR,PhD,14,16,53.8,Yes,21902.87,2.9,37862.36,No
59,Male,Karachi,Marketing,Bachelor,17,23,37.9,Yes,71463.41,3.3,87414.44,Yes
30,Female,Quetta,Sales,PhD,19,33,48.0,Yes,56466.36,9.7,90802.3,Yes
68,Male,Islamabad,HR,PhD,21,27,33.0,Yes,29200.78,7.6,55737.09,No
49,Female,Karachi,Finance,Bachelor,17,38,47.7,Yes,29098.42,7.3,55152.97,No
56,Male,Karachi,HR,Bachelor,11,21,41.9,Yes,48284.31,8.7,79163.98,Yes
66,Male,Peshawar,Engineering,Bachelor,16,16,38.2,No,88380.43,2.0,101932.02,Yes
69,Male,Karachi,Engineering,Master,17,33,19.4,Yes,49808.17,7.4,93194.81,Yes
49,Male,Quetta,Sales,Bachelor,20,5,38.0,No,24937.14,5.5,32875.13,No
21,Female,Islamabad,Finance,Diploma,15,5,41.7,Yes,50085.14,8.5,61225.6,No
47,Female,Lahore,Finance,Master,14,33,46.6,Yes,56123.75,5.6,83844.02,Yes
54,Female,Karachi,HR,Master,20,0,52.5,Yes,15000.0,6.6,24233.27,No
40,Male,Lahore,Sales,Diploma,18,9,56.3,No,53914.1,5.3,59090.44,No
56,Female,Karachi,Finance,PhD,12,20,50.0,No,50381.31,5.3,66110.77,No
62,Female,Islamabad,Engineering,Bachelor,21,4,35.5,No,68924.13,7.9,79733.7,Yes
32,Male,Quetta,HR,Bachelor,19,1,37.6,Yes,91979.12,6.7,99232.31,Yes
60,Male,Islamabad,Marketing,Master,13,21,45.9,No,77531.3,6.7,95080.03,Yes
46,Female,Lahore,Engineering,Bachelor,18,1,44.2,Yes,49622.23,5.1,60176.45,No
53,Female,Karachi,Sales,Bachelor,15,9,53.0,Yes,32869.48,5.8,49972.96,No
30,Female,Lahore,Finance,Master,17,33,59.8,No,104960.96125000001,7.7,128912.14,Yes
49,Male,Quetta,Engineering,Diploma,16,15,58.1,Yes,56184.37,8.4,66683.83,No
24,Female,Islamabad,Marketing,Bachelor,20,38,52.0,No,55278.59,7.3,91792.9,Yes
68,Male,Lahore,Marketing,Master,11,21,44.2,Yes,54517.5,9.3,71622.56,No
39,Female,Lahore,Sales,Bachelor,12,11,50.8,No,58961.7,8.4,69604.27,No
45,Female,Quetta,Engineering,Master,10,23,53.3,No,52112.79,6.1,77359.16,Yes
19,Male,Karachi,HR,Bachelor,18,39,38.8,No,43526.76,7.0,83661.54,Yes
59,Female,Lahore,Engineering,PhD,16,37,35.7,Yes,44062.82,9.3,86227.82,Yes
62,Male,Quetta,Marketing,Bachelor,10,9,33.9,Yes,54344.93,6.6,59233.04,No
23,Other,Karachi,Sales,Master,12,34,33.0,No,44131.5,8.4,80875.63,Yes
45,Male,Karachi,Sales,Bachelor,13,31,28.9,Yes,40743.08,7.2,79711.76,Yes
45,Male,Islamabad,HR,Bachelor,13,6,42.0,No,57128.6,6.0,64837.35,No
61,Male,Quetta,Sales,Bachelor,14,20,32.0,No,49900.46,3.2,80480.68,Yes
61,Male,Karachi,Sales,Bachelor,12,19,33.7,Yes,85079.86,4.8,96124.72,Yes
37,Male,Islamabad,Sales,Bachelor,12,25,45.6,No,15000.0,9.7,39215.83,No
47,Female,Peshawar,Sales,Bachelor,10,3,41.5,No,76830.14,6.9,80366.8,Yes
28,Female,Quetta,Sales,Master,16,21,43.4,Yes,79921.7,6.1,98531.86,Yes
45,Female,Peshawar,Marketing,Master,20,14,50.9,Yes,15000.0,9.4,33505.46,No
42,Male,Karachi,Engineering,Bachelor,19,39,46.9,No,48146.25,6.3,89017.15,Yes
56,Female,Quetta,Finance,Master,10,20,52.2,Yes,47571.18,5.7,67001.77,No
50,Male,Islamabad,Sales,Bachelor,11,14,40.6,No,26849.77,7.8,40273.41,No
18,Female,Karachi,Finance,Master,13,21,52.9,Yes,39443.67,5.5,61664.56,No
44,Male,Quetta,Finance,Bachelor,13,27,42.9,No,32788.48,2.7,62214.76,No
69,Female,Quetta,Marketing,Master,14,13,41.3,Yes,90045.41,5.2,96658.58,Yes
30,Female,Peshawar,Sales,Bachelor,20,26,51.7,No,73713.57,5.3,99817.19,Yes
58,Female,Karachi,Finance,Diploma,11,39,33.0,No,80431.1,4.4,104572.77,Yes
20,Male,Islamabad,Sales,Bachelor,13,27,56.2,Yes,69433.44,5.7,90130.97,Yes
56,Male,Islamabad,HR,Bachelor,10,25,37.7,Yes,32418.96,4.7,62345.0,No
23,Male,Karachi,HR,Bachelor,11,1,30.3,No,44509.59,2.8,50267.36,No
25,Female,Karachi,HR,PhD,10,24,45.2,No,64787.49,4.7,72984.55,No
44,Female,Lahore,Finance,Master,19,2,37.0,Yes,30557.44,1.7,36940.57,No
26,Male,Peshawar,HR,Master,19,7,56.2,No,69259.97,6.2,81742.46,Yes
54,Female,Karachi,Marketing,Diploma,13,32,36.5,Yes,50193.49,8.7,80278.47,Yes
50,Female,Karachi,Marketing,Diploma,13,34,42.5,Yes,47503.58,7.5,81494.24,Yes
68,Female,Lahore,Finance,Master,16,5,28.6,No,69219.2,4.2,74637.19,No
59,Male,Lahore,Sales,Bachelor,19,38,46.5,No,63885.27,1.8,97273.75,Yes
61,Male,Quetta,Engineering,PhD,20,22,33.8,Yes,47780.68,2.8,71826.8,No
41,Male,Islamabad,Sales,Bachelor,20,24,45.5,No,78186.6,5.5,106793.84,Yes
32,Female,Peshawar,Sales,Master,18,18,36.6,Yes,33378.73,2.9,57485.55,No
49,Male,Quetta,Sales,Master,18,4,23.6,No,67318.71,5.9,76580.56,Yes
49,Female,Karachi,Sales,Master,14,10,41.0,No,66862.03,3.1,75049.99,No
41,Female,Karachi,Engineering,Master,19,11,40.7,No,48809.07,8.6,60564.07,No
58,Female,Islamabad,HR,Master,10,9,47.0,No,61522.66,4.6,65916.63,No
69,Female,Quetta,Sales,Diploma,10,7,52.4,Yes,29977.73,3.2,43563.31,No
66,Male,Islamabad,Marketing,Bachelor,15,23,55.3,No,73480.54,8.3,99375.0,Yes
66,Male,Lahore,Finance,Bachelor,11,27,46.9,No,56123.75,4.1,71258.9,No
69,Female,Quetta,Finance,Master,17,35,42.2,Yes,44545.54,2.0,77390.59,Yes
29,Male,Quetta,Marketing,Diploma,18,36,28.6,No,75980.18,6.1,110504.5,Yes
56,Male,Islamabad,Sales,Bachelor,13,20,41.6,Yes,40913.13,6.2,64547.74,No
19,Male,Lahore,Engineering,Bachelor,14,7,41.7,No,26830.77,7.4,41095.11,No
20,Male,Karachi,HR,Bachelor,20,8,38.4,Yes,23867.42,3.2,34480.3,No
66,Male,Quetta,Finance,Bachelor,17,14,45.1,Yes,67120.2,5.0,76950.76,Yes
54,Female,Karachi,HR,Diploma,12,39,49.0,Yes,29391.41,3.5,70253.24,No
66,Female,Lahore,Engineering,Master,14,17,33.5,No,90095.88,1.7,108241.42,Yes
34,Female,Quetta,Finance,Master,12,19,33.3,No,15000.0,8.9,28462.39,No
66,Male,Quetta,HR,Master,21,5,38.9,Yes,88929.13,7.6,97877.42,Yes
19,Male,Karachi,Engineering,Master,19,11,35.1,Yes,59220.35,3.7,77978.57,Yes
19,Male,Peshawar,HR,Bachelor,12,1,26.9,Yes,53065.74,6.4,46660.27,No
45,Female,Karachi,Sales,Bachelor,12,6,32.0,No,44101.62,2.8,44464.77,No
40,Male,Karachi,Engineering,Bachelor,21,15,30.1,No,62982.72,9.0,81423.46,Yes
54,Female,Peshawar,HR,Bachelor,16,2,49.7,Yes,54247.31,2.0,55736.39,No
49,Female,Lahore,Sales,Bachelor,16,2,53.6,Yes,77066.04,1.0,80005.15,Yes
50,Male,Lahore,Sales,Bachelor,16,26,31.2,No,57284.55,5.5,89358.51,Yes
18,Male,Quetta,Engineering,Bachelor,19,39,44.4,Yes,58006.04,6.2,91701.45,Yes
36,Other,Islamabad,Marketing,Bachelor,17,37,47.0,Yes,47727.76,6.2,84366.35,Yes
19,Other,Islamabad,Finance,Master,14,32,28.1,Yes,53861.09,1.5,81001.0,Yes
61,Male,Quetta,Engineering,Bachelor,14,27,41.3,No,61156.04,3.8,85462.26,Yes
43,Male,Islamabad,Sales,Diploma,13,0,60.3,No,20796.63,5.5,26895.97,No
49,Other,Karachi,Sales,Bachelor,16,7,45.4,No,28036.29,2.9,52888.65,No
23,Male,Karachi,Engineering,Master,19,36,38.0,Yes,69865.28,8.9,112496.64,Yes
49,Male,Peshawar,Marketing,PhD,13,31,35.5,No,58417.31,1.8,76510.9,Yes
21,Male,Peshawar,Finance,Diploma,11,36,23.8,Yes,51320.33,5.4,78807.62,Yes
28,Female,Quetta,HR,PhD,13,3,43.8,No,55368.68,7.2,55502.53,No
34,Male,Quetta,Engineering,Bachelor,17,29,55.6,No,61951.63,3.4,82305.09,Yes
55,Male,Quetta,Finance,Bachelor,18,5,33.5,No,44204.81,6.6,47922.51,No
41,Male,Karachi,Finance,Bachelor,12,18,24.5,Yes,39433.91,8.5,58748.69,No
22,Female,Islamabad,Sales,Bachelor,16,31,34.7,Yes,58916.91,2.7,82636.78,Yes
69,Other,Quetta,HR,Bachelor,21,8,47.1,No,35432.54,9.3,47125.32,No
51,Female,Quetta,Engineering,PhD,18,11,36.6,No,63165.06,6.0,85050.92,Yes
23,Female,Karachi,Sales,Master,20,10,33.4,Yes,20948.33,3.7,34309.11,No
39,Female,Karachi,Sales,Master,13,15,40.2,No,75583.11,4.9,84278.96,Yes
28,Male,Karachi,Marketing,Diploma,19,0,41.8,No,64451.95,3.8,72354.04,No
65,Male,Islamabad,Finance,Master,12,20,28.9,No,60120.59,7.5,76125.89,No
33,Female,Quetta,Engineering,Master,14,29,38.3,No,74653.82,5.5,92520.07,Yes
50,Male,Lahore,Engineering,Master,10,12,36.0,Yes,88309.49,8.5,96538.84,Yes
26,Male,Lahore,Engineering,Bachelor,12,33,34.9,Yes,75287.4,9.9,114372.33,Yes
23,Female,Quetta,Sales,Bachelor,17,3,31.9,Yes,18182.52,8.1,26987.06,No
33,Male,Quetta,Marketing,Diploma,20,27,47.5,No,29408.46,6.4,55428.78,No
46,Male,Quetta,HR,Diploma,17,37,34.8,Yes,42503.63,4.1,80884.42,Yes
20,Other,Quetta,Sales,PhD,13,30,24.0,No,55521.82,5.9,80710.07,Yes
37,Female,Islamabad,HR,Bachelor,11,26,42.1,Yes,65353.18,1.4,98932.83,Yes
53,Male,Lahore,Marketing,PhD,17,4,45.8,Yes,40485.12,7.7,47712.12,No
36,Other,Peshawar,Finance,Bachelor,17,24,33.6,No,58735.34,5.0,90730.46,Yes
43,Female,Lahore,Engineering,Bachelor,19,2,35.5,Yes,39892.34,1.2,52880.05,No
20,Female,Lahore,HR,Bachelor,13,32,34.8,Yes,56123.75,1.6,68865.95,No
36,Male,Karachi,Sales,Bachelor,12,3,37.2,No,26866.78,4.5,33912.53,No
37,Male,Quetta,HR,Bachelor,11,24,48.9,Yes,36535.34,6.3,55522.41,No
49,Female,Quetta,Finance,Bachelor,18,19,39.1,Yes,27966.31,5.2,47937.47,No
24,Female,Quetta,Engineering,Bachelor,10,33,46.7,Yes,35482.53,6.6,63072.05,No
69,Female,Karachi,HR,Bachelor,16,25,32.2,No,76072.84,5.3,97344.82,Yes
58,Male,Islamabad,Finance,Master,14,4,36.9,No,36012.02,7.0,37647.42,No
50,Male,Islamabad,Sales,Master,17,34,47.6,No,104960.96125000001,3.0,132644.58499999996,Yes
57,Female,Peshawar,Marketing,Bachelor,13,27,33.6,Yes,64866.36,2.0,86050.38,Yes
56,Male,Islamabad,Sales,Bachelor,16,28,48.1,Yes,58696.72,6.4,88337.59,Yes
35,Female,Islamabad,Engineering,Master,14,8,35.0,No,56123.75,5.4,50306.09,No
57,Male,Quetta,Sales,Master,14,37,37.4,No,56123.75,1.2,97935.9,Yes
18,Male,Lahore,Sales,Bachelor,18,5,53.4,Yes,43487.24,4.4,57099.5,No
28,Female,Islamabad,Sales,Master,18,18,36.5,Yes,57440.2,2.0,74960.3,No
45,Female,Islamabad,Sales,Diploma,18,10,41.2,No,104960.96125000001,5.8,116538.89,Yes
42,Male,Karachi,Engineering,Bachelor,21,1,44.9,No,53078.8,4.6,62031.55,No
67,Male,Peshawar,Finance,Bachelor,15,8,41.8,Yes,77985.47,6.5,88142.13,Yes
40,Female,Karachi,HR,Bachelor,15,20,42.0,Yes,40936.47,8.3,62020.59,No
48,Male,Quetta,Marketing,Master,14,23,39.5,Yes,54300.23,3.7,83059.29,Yes
47,Female,Lahore,HR,Bachelor,18,33,29.6,Yes,90416.01,9.7,121410.34,Yes
59,Other,Peshawar,HR,Bachelor,19,21,42.8,No,42460.66,5.5,59647.28,No
52,Male,Karachi,Marketing,Bachelor,17,2,34.1,No,91248.97,6.6,91844.32,Yes
24,Female,Islamabad,Engineering,Diploma,16,11,46.2,No,69155.04,7.1,78526.61,Yes
33,Male,Islamabad,Marketing,Master,16,27,51.0,Yes,43750.66,7.0,72269.98,No
43,Female,Peshawar,Engineering,Master,15,29,25.6,Yes,67648.15,5.6,93846.87,Yes
65,Male,Islamabad,HR,PhD,14,25,51.0,Yes,74451.09,4.9,91954.9,Yes
69,Other,Karachi,Engineering,Bachelor,13,20,36.7,Yes,67436.2,1.5,84502.59,Yes
66,Male,Karachi,Finance,PhD,12,27,39.0,No,23595.51,1.2,47625.35,No
19,Male,Islamabad,Marketing,Master,12,25,32.7,Yes,40457.26,4.2,70295.26,No
18,Other,Islamabad,Finance,Bachelor,15,32,41.5,Yes,50049.63,4.0,75569.28,No
65,Female,Quetta,HR,PhD,13,20,40.5,Yes,53511.33,4.5,71623.3,No
29,Female,Lahore,Marketing,PhD,21,34,48.6,No,67413.44,2.2,94105.17,Yes
22,Male,Peshawar,HR,PhD,21,33,34.1,No,58554.02,7.6,101193.6,Yes
54,Female,Karachi,Finance,Bachelor,15,17,53.3,No,28293.11,8.7,53956.87,No
49,Male,Peshawar,HR,Diploma,12,10,45.3,Yes,62603.96,9.4,66151.77,No
26,Male,Quetta,Marketing,Diploma,13,22,40.7,No,67211.71,5.4,82229.47,Yes
58,Female,Karachi,Marketing,Bachelor,18,21,38.6,Yes,66195.81,7.3,91620.85,Yes
52,Male,Quetta,HR,Bachelor,14,16,37.5,Yes,76615.61,8.7,94850.46,Yes
36,Female,Quetta,Marketing,Bachelor,16,4,38.1,No,71678.44,4.8,77780.25,Yes
65,Female,Islamabad,Marketing,Diploma,19,10,41.3,Yes,56123.75,5.5,77059.5,Yes
33,Female,Peshawar,HR,Master,11,29,38.3,No,53596.69,9.4,83013.02,Yes
20,Female,Peshawar,Finance,Bachelor,14,14,34.9,Yes,21780.78,5.6,43087.59,No
37,Female,Islamabad,Marketing,Bachelor,18,26,41.4,No,63592.36,5.5,85730.34,Yes
41,Male,Peshawar,Marketing,Bachelor,20,34,33.3,No,59153.75,2.6,85222.08,Yes
50,Female,Islamabad,Marketing,Master,12,32,42.6,No,60431.58,2.0,76638.1,Yes
41,Male,Karachi,Marketing,Bachelor,18,19,38.2,No,29465.03,8.6,52780.33,No
69,Male,Quetta,HR,Diploma,20,15,45.6,No,33378.87,6.5,44791.47,No
28,Female,Quetta,Finance,Master,15,33,47.9,Yes,76063.06,3.9,104481.74,Yes
66,Female,Peshawar,Finance,Master,13,1,47.9,No,54208.9,2.7,53857.85,No
25,Female,Lahore,Engineering,Bachelor,16,34,42.5,No,68630.01,6.0,106986.56,Yes
53,Male,Quetta,Marketing,Bachelor,17,39,43.5,Yes,55566.37,6.3,94515.38,Yes
55,Female,Islamabad,Marketing,Bachelor,15,27,37.4,No,55595.12,2.9,78359.48,Yes
57,Male,Lahore,Engineering,Bachelor,14,38,45.4,No,73765.68,8.7,98318.26,Yes
37,Female,Lahore,Finance,Bachelor,15,5,46.3,No,44679.11,1.8,44439.59,No
52,Female,Quetta,Sales,Diploma,14,8,27.5,Yes,56922.42,4.2,68996.95,No
65,Female,Quetta,Sales,Bachelor,17,19,43.0,No,45754.49,7.1,63943.56,No
42,Male,Quetta,Finance,Bachelor,10,0,50.9,Yes,46310.08,3.5,61605.95,No
52,Male,Islamabad,Marketing,Bachelor,20,7,37.1,Yes,48816.56,8.4,62839.65,No
42,Male,Lahore,Sales,Bachelor,16,22,35.4,No,59442.68,7.7,82253.02,Yes
46,Female,Peshawar,HR,Diploma,19,2,36.6,Yes,45425.03,8.1,47528.04,No
35,Female,Islamabad,HR,Bachelor,19,3,28.0,No,80115.12,5.5,87870.77,Yes
63,Male,Karachi,Engineering,Bachelor,20,24,41.0,Yes,37107.85,2.3,59858.46,No
35,Female,Quetta,Finance,Master,11,37,40.2,Yes,51262.57,3.6,84638.37,Yes
19,Female,Lahore,Finance,Bachelor,18,14,41.6,Yes,46205.38,5.7,67253.81,No
52,Female,Islamabad,Sales,Bachelor,10,20,43.3,No,83939.56,7.7,97831.57,Yes
33,Female,Karachi,Marketing,Bachelor,20,34,33.6,No,58931.1,8.5,100072.84,Yes
58,Female,Islamabad,Finance,Bachelor,19,13,42.2,Yes,75636.89,7.3,86809.69,Yes
53,Male,Islamabad,Sales,Bachelor,15,35,43.5,Yes,25288.79,9.4,70657.61,No
50,Male,Peshawar,Sales,Bachelor,18,11,36.1,Yes,60341.01,7.6,69232.18,No
21,Male,Peshawar,Finance,PhD,10,16,43.4,No,72792.62,3.8,88448.5,Yes
50,Other,Islamabad,Sales,Bachelor,13,38,40.6,Yes,56645.68,3.4,89389.04,Yes
31,Female,Karachi,Engineering,Master,13,8,35.0,No,76309.61,7.3,78727.99,Yes
38,Female,Lahore,Engineering,Master,18,34,42.3,No,44654.23,2.7,67392.41,No
65,Male,Lahore,Finance,Master,20,12,37.7,No,83186.95,1.8,93704.91,Yes
37,Male,Quetta,Marketing,Bachelor,14,14,45.6,No,100977.96,5.8,109201.09,Yes
25,Male,Quetta,Engineering,Bachelor,14,17,38.1,No,56123.75,8.4,66953.44,No
24,Male,Lahore,Engineering,Master,15,32,29.7,Yes,46089.95,1.9,79975.03,Yes
20,Female,Islamabad,Finance,Master,10,5,42.1,No,84067.69,8.1,81548.59,Yes
34,Other,Islamabad,HR,Master,10,26,41.8,No,86591.44,8.3,115013.63,Yes
50,Female,Peshawar,Sales,Bachelor,18,22,31.4,Yes,44542.8,5.3,65285.85,No
65,Female,Peshawar,Engineering,Diploma,12,26,46.0,No,46596.26,1.5,70697.6,No
29,Male,Quetta,HR,Bachelor,13,33,45.6,Yes,49364.31,2.6,79758.72,Yes
68,Male,Lahore,Marketing,Bachelor,10,37,33.0,Yes,28110.99,7.4,62326.34,No
39,Male,Islamabad,HR,Bachelor,18,13,34.7,Yes,36626.96,7.4,55984.55,No
39,Female,Lahore,Finance,Bachelor,17,35,38.9,No,34917.18,9.1,64454.02,No
63,Female,Karachi,Marketing,Bachelor,11,7,33.9,No,39644.05,5.5,45201.81,No
47,Male,Lahore,Marketing,Master,17,34,45.1,No,54306.3,2.1,78506.89,Yes
55,Male,Karachi,HR,PhD,16,18,41.2,Yes,56123.75,2.1,75199.51,No
55,Male,Peshawar,Finance,PhD,20,29,31.3,No,86010.01,7.5,110525.67,Yes
62,Male,Peshawar,Engineering,Bachelor,15,13,33.4,Yes,35032.92,2.7,55665.73,No
68,Male,Quetta,HR,Master,10,19,49.5,No,74686.45,4.0,86958.18,Yes
25,Male,Lahore,Engineering,Bachelor,16,24,52.3,Yes,50720.22,5.4,73427.79,No
44,Male,Lahore,HR,Bachelor,19,39,44.3,Yes,54010.73,1.2,91969.86,Yes
44,Female,Karachi,Engineering,Bachelor,16,23,38.3,Yes,68496.39,3.2,89611.01,Yes
51,Female,Peshawar,HR,Bachelor,18,13,36.5,No,32545.56,4.7,45645.8,No
38,Male,Karachi,Marketing,Bachelor,10,25,44.4,No,62648.19,3.5,84404.51,Yes
47,Male,Peshawar,Sales,Bachelor,11,37,40.6,No,58329.04,2.2,87362.9,Yes
50,Male,Karachi,Marketing,Master,20,22,27.1,No,64849.03,7.6,85280.81,Yes
45,Male,Peshawar,Engineering,Diploma,18,21,48.3,No,60783.37,8.3,80517.64,Yes
64,Male,Karachi,Finance,Bachelor,18,18,50.8,No,104106.0,3.3,122832.15,Yes
50,Female,Peshawar,Marketing,Diploma,15,2,45.9,No,42245.2,8.0,45693.54,No
22,Female,Karachi,Sales,Master,15,18,31.3,Yes,44380.06,4.5,64197.68,No
65,Female,Lahore,Engineering,Master,13,8,34.9,Yes,42537.19,5.6,46151.47,No
36,Male,Quetta,Marketing,Master,13,27,25.1,No,43890.46,8.7,75787.94,No
21,Female,Karachi,HR,Bachelor,14,19,52.8,No,42252.26,7.7,58122.06,No
52,Male,Quetta,Finance,PhD,12,6,37.1,Yes,78780.33,8.2,87363.74,Yes
66,Male,Lahore,Engineering,Master,10,13,58.7,No,83410.08,2.2,89871.23,Yes
34,Female,Lahore,Marketing,Diploma,10,8,55.6,No,43585.07,1.6,51550.73,No
61,Female,Peshawar,Engineering,Master,21,18,32.8,Yes,38352.89,9.0,64034.8,No
45,Female,Quetta,HR,PhD,16,13,34.3,No,64428.31,4.5,75512.16,No
47,Female,Islamabad,Sales,Master,10,37,43.7,No,43955.54,3.6,64410.16,No
46,Female,Peshawar,Marketing,Bachelor,10,35,26.0,No,67658.64,7.5,100097.85,Yes
63,Female,Quetta,Engineering,Bachelor,12,39,36.5,Yes,59058.46,8.5,91903.1,Yes
23,Female,Karachi,Engineering,Bachelor,19,16,35.7,No,24685.12,8.8,47496.64,No
52,Female,Karachi,Engineering,Bachelor,13,29,54.8,No,85950.1,3.8,110153.68,Yes
58,Female,Lahore,Sales,Bachelor,13,8,41.3,No,90917.55,8.7,93549.92,Yes
54,Other,Islamabad,Engineering,PhD,11,32,37.7,No,42744.23,1.4,72575.48,No
41,Female,Karachi,Finance,Master,10,24,34.9,Yes,56123.75,1.4,63103.36,No
46,Male,Quetta,Finance,Diploma,12,13,47.2,No,60717.31,6.6,74963.29,No
66,Female,Quetta,Engineering,PhD,20,10,36.0,Yes,61689.14,1.6,73798.74,No
63,Male,Karachi,Finance,Master,13,34,39.6,No,68170.89,3.9,94111.33,Yes
48,Male,Quetta,Marketing,Diploma,12,13,34.9,No,95204.09,7.1,104448.64,Yes
52,Male,Quetta,Finance,Master,17,29,27.9,No,51461.06,4.0,73938.99,No
50,Female,Lahore,Engineering,PhD,19,3,32.0,No,39034.06,2.6,47855.85,No
69,Female,Islamabad,HR,Bachelor,10,3,36.0,No,27413.62,3.5,33686.37,No
38,Male,Lahore,Marketing,Bachelor,11,27,37.9,Yes,40381.4,5.1,67901.46,No
49,Male,Islamabad,Sales,Bachelor,16,7,38.2,No,54337.46,5.3,71604.57,No
40,Male,Quetta,Engineering,Master,13,1,39.3,Yes,90891.16,8.0,92227.18,Yes
50,Female,Islamabad,Sales,Master,17,21,36.1,No,44647.77,7.8,66192.38,No
20,Male,Quetta,HR,Bachelor,20,15,50.8,Yes,59475.76,5.1,72406.84,No
35,Male,Quetta,Sales,Bachelor,12,28,47.6,No,54671.54,8.6,88046.73,Yes
42,Male,Lahore,Engineering,Diploma,15,29,38.9,No,78767.87,2.0,94700.37,Yes
59,Female,Lahore,Engineering,Master,18,11,42.0,No,104960.96125000001,3.3,113417.6,Yes
48,Male,Peshawar,HR,Bachelor,10,34,37.0,Yes,44382.62,8.5,72820.45,No
20,Female,Karachi,Engineering,Master,10,10,17.3,No,45211.21,4.4,53821.67,No
57,Male,Peshawar,HR,Master,17,20,40.2,No,75883.22,9.8,89194.6,Yes
63,Female,Peshawar,HR,Diploma,12,20,42.4,No,68637.83,5.2,88292.36,Yes
41,Male,Islamabad,Engineering,Bachelor,14,4,27.1,No,91934.15,8.1,90594.84,Yes
67,Female,Quetta,Finance,Bachelor,10,19,44.0,No,66678.56,4.6,85921.97,Yes
49,Male,Quetta,HR,Bachelor,14,36,37.8,No,47814.16,4.8,75634.69,No
64,Female,Quetta,Engineering,Bachelor,20,2,42.7,Yes,66813.1,4.4,77627.85,Yes
39,Female,Karachi,Finance,PhD,15,32,38.0,No,77174.07,7.5,99151.84,Yes
40,Female,Islamabad,HR,Bachelor,17,8,50.0,No,71409.64,5.9,76365.63,Yes
19,Female,Islamabad,Finance,Diploma,12,8,41.8,No,65145.48,9.5,72371.7,No
44,Male,Karachi,Marketing,Bachelor,12,3,48.0,Yes,76333.49,3.3,75050.51,No
59,Female,Peshawar,Marketing,Diploma,21,34,48.7,No,78385.91,1.9,102930.44,Yes
19,Female,Karachi,Finance,Bachelor,20,16,31.0,No,82643.18,4.5,92847.16,Yes
43,Male,Peshawar,HR,PhD,20,33,34.1,Yes,67974.2,6.6,102351.06,Yes
34,Female,Lahore,Engineering,Diploma,19,23,43.6,No,51657.64,8.7,75499.63,No
57,Male,Islamabad,Sales,Diploma,18,31,37.1,Yes,57934.27,5.5,88634.0,Yes
50,Male,Islamabad,Engineering,Bachelor,13,0,38.1,Yes,79130.18,6.9,79364.0,Yes
26,Male,Peshawar,Sales,Bachelor,13,7,50.3,No,38661.29,4.2,50898.66,No
60,Male,Karachi,Sales,Master,21,22,37.5,No,62373.47,6.6,91466.41,Yes
65,Female,Islamabad,HR,Bachelor,16,39,32.2,Yes,47133.22,9.0,86897.98,Yes
56,Male,Peshawar,Finance,Bachelor,11,11,33.3,No,55574.9,3.1,64202.55,No
46,Male,Karachi,Engineering,Bachelor,17,11,57.5,No,80569.04,4.6,85088.21,Yes
59,Male,Peshawar,Finance,Master,15,14,38.6,No,58821.98,9.9,64724.38,No
43,Female,Karachi,Marketing,Master,12,18,29.1,No,55928.73,8.8,71551.53,No
52,Female,Quetta,HR,Bachelor,18,25,25.8,No,27802.88,6.1,44386.63,No
67,Male,Karachi,HR,Bachelor,14,28,35.0,No,69925.07,5.6,93016.04,Yes
42,Male,Lahore,Marketing,Bachelor,17,21,38.4,Yes,67909.68,3.6,95711.83,Yes
41,Male,Quetta,Engineering,Master,16,39,47.6,No,98265.09,5.7,123581.23,Yes
30,Female,Peshawar,Marketing,Bachelor,17,20,46.8,No,48844.44,8.6,63109.46,No
24,Female,Quetta,Engineering,Bachelor,16,37,39.9,No,59383.01,7.2,94889.38,Yes
53,Male,Quetta,Sales,Diploma,12,19,36.4,Yes,59987.67,3.6,63440.2,No
62,Male,Peshawar,HR,Diploma,11,28,42.7,No,86549.07,2.8,108543.2,Yes
37,Female,Peshawar,Engineering,Diploma,16,3,26.0,Yes,53094.09,3.4,66247.23,No
18,Female,Lahore,Finance,PhD,12,6,55.8,No,60580.43,2.5,60209.96,No
25,Male,Peshawar,Finance,Bachelor,12,27,45.2,Yes,67157.93,1.9,84590.94,Yes
63,Male,Islamabad,HR,Master,11,27,46.9,No,58732.18,4.8,84349.08,Yes
33,Male,Islamabad,Marketing,Bachelor,13,3,31.4,No,46071.33,2.0,45110.48,No
31,Female,Lahore,Marketing,Master,17,21,50.3,No,58881.8,2.5,81597.71,Yes
29,Female,Karachi,Engineering,Bachelor,21,11,36.3,Yes,76472.63,5.9,84148.82,Yes
68,Female,Karachi,Marketing,Master,10,2,32.4,Yes,34469.69,2.5,46914.73,No
40,Female,Islamabad,HR,Master,10,21,39.7,Yes,57659.39,1.6,77184.98,Yes
32,Male,Peshawar,Engineering,Bachelor,21,1,39.5,Yes,40997.58,3.9,50758.04,No
45,Female,Lahore,Sales,Master,14,23,31.4,No,78900.93,3.0,104364.61,Yes
51,Female,Karachi,Marketing,Bachelor,20,33,32.8,Yes,24536.26,5.6,65020.35,No
19,Male,Karachi,Marketing,Bachelor,14,26,32.2,No,43821.56,1.9,69652.49,No
49,Female,Quetta,Engineering,Bachelor,20,0,32.3,Yes,62544.24,7.8,59013.72,No
40,Male,Islamabad,Finance,Bachelor,21,7,36.9,No,86310.48,9.2,93031.96,Yes
39,Male,Peshawar,Marketing,Bachelor,10,22,28.9,No,53684.99,7.7,78653.54,Yes
68,Female,Lahore,HR,Diploma,15,37,34.5,Yes,43896.01,5.8,71545.78,No
42,Female,Karachi,Marketing,Bachelor,10,5,48.4,No,92623.14,8.7,89642.21,Yes
39,Female,Quetta,Sales,Bachelor,14,21,46.6,Yes,26039.72,7.3,44015.26,No
39,Male,Islamabad,Marketing,Bachelor,18,24,31.6,Yes,15000.0,1.1,45241.78,No
66,Female,Islamabad,Finance,Master,21,17,47.7,No,63800.29,4.5,86188.32,Yes
69,Female,Lahore,Marketing,Master,14,16,24.3,No,44958.92,8.7,66196.02,No
59,Male,Karachi,Engineering,Master,15,11,59.4,No,34575.34,4.1,44383.71,No
23,Other,Lahore,Marketing,Master,17,5,50.4,No,69167.13,1.3,77083.71,Yes
32,Female,Lahore,Finance,Diploma,20,25,35.5,No,59876.01,7.7,80199.0,Yes
60,Male,Quetta,Engineering,PhD,10,26,43.1,No,43718.43,8.2,66553.84,No
54,Female,Islamabad,HR,Master,11,7,28.8,No,29393.91,2.4,39375.36,No
50,Male,Peshawar,Engineering,Bachelor,18,18,40.5,No,72449.15,5.8,95651.11,Yes
25,Male,Islamabad,Sales,Master,12,0,38.5,Yes,68004.02,2.7,58466.63,No
61,Male,Islamabad,Engineering,Master,15,28,33.3,Yes,53016.48,7.5,81558.01,Yes
61,Other,Karachi,HR,Master,14,34,36.3,No,91932.74,3.4,124995.93,Yes
22,Male,Karachi,Marketing,PhD,20,39,35.5,No,33598.3,3.8,73739.57,No
56,Female,Karachi,Engineering,Master,11,13,30.9,Yes,24489.5,8.6,40633.62,No
21,Male,Peshawar,Engineering,PhD,16,34,33.1,No,41161.84,5.3,71020.62,No
23,Female,Karachi,Engineering,Bachelor,13,19,28.5,Yes,54088.28,7.0,79083.22,Yes
62,Female,Karachi,Engineering,Bachelor,10,12,46.9,No,59866.79,4.6,65776.19,No
49,Female,Lahore,HR,Bachelor,13,37,32.5,Yes,50175.28,3.7,81567.01,Yes
69,Male,Peshawar,Finance,Diploma,15,7,30.2,No,62041.11,6.6,68565.93,No
47,Female,Quetta,Finance,PhD,16,19,46.7,No,29969.21,2.4,49933.27,No
64,Other,Karachi,Engineering,Master,16,32,43.0,Yes,83875.29,4.4,118736.02,Yes
52,Female,Islamabad,HR,Master,16,25,46.4,No,53356.98,2.9,70860.75,No
57,Female,Quetta,HR,Master,12,38,47.3,No,56123.75,7.3,107264.09,Yes
69,Female,Karachi,Engineering,Diploma,15,20,55.5,Yes,61854.51,9.5,83674.38,Yes
33,Male,Karachi,Sales,PhD,17,8,38.8,Yes,64135.06,10.0,72759.89,No
30,Female,Islamabad,Engineering,Master,13,23,28.3,Yes,66395.35,5.1,85590.74,Yes
67,Female,Lahore,Sales,Master,17,36,42.2,No,63954.17,3.3,103605.45,Yes
59,Male,Quetta,Engineering,Bachelor,11,16,34.6,No,67854.46,5.0,72026.57,No
47,Male,Islamabad,Sales,Master,19,23,32.3,Yes,81583.05,8.6,102998.74,Yes
36,Male,Islamabad,Sales,Bachelor,18,20,40.8,No,58930.42,2.9,80160.18,Yes
34,Female,Lahore,Engineering,Bachelor,18,38,46.9,Yes,69180.08,9.6,102362.36,Yes
36,Female,Quetta,Sales,PhD,17,38,33.3,No,53205.29,4.1,100946.0,Yes
45,Male,Islamabad,Marketing,Master,19,12,50.2,Yes,83802.34,9.9,101435.56,Yes
43,Male,Lahore,Finance,Diploma,19,10,32.1,No,41472.15,8.5,52153.09,No
54,Male,Quetta,HR,Bachelor,10,18,38.0,No,91018.81,8.3,92123.13,Yes
43,Male,Peshawar,Sales,Bachelor,11,10,43.1,No,54196.84,3.9,65148.54,No
40,Male,Karachi,Sales,Bachelor,15,12,36.9,No,26384.5,1.1,37397.95,No
26,Female,Lahore,HR,Bachelor,19,0,25.8,No,57562.09,4.4,67570.37,No
29,Male,Karachi,Sales,Bachelor,14,39,47.4,Yes,41378.97,3.7,76376.75,Yes
18,Female,Peshawar,HR,Bachelor,21,18,35.0,No,71812.87,1.3,85579.82,Yes
18,Female,Islamabad,Engineering,Bachelor,18,11,46.0,No,41947.52,5.5,52776.53,No
64,Male,Islamabad,Marketing,Bachelor,14,7,29.9,No,46076.33,4.6,60381.24,No
51,Female,Karachi,Marketing,Bachelor,11,7,31.3,No,17209.19,6.7,29176.19,No
49,Female,Lahore,Finance,Master,19,11,46.9,No,45953.87,6.6,68918.27,No
65,Female,Lahore,Sales,Bachelor,13,32,42.7,No,15000.0,5.5,43654.46,No
42,Male,Quetta,Finance,Master,18,25,36.5,Yes,23321.94,9.8,58441.14,No
57,Male,Karachi,Engineering,Master,10,38,42.8,No,70208.29,2.7,103794.34,Yes
62,Male,Islamabad,Marketing,Bachelor,20,27,32.4,No,70716.0,5.0,100113.47,Yes
18,Male,Islamabad,Engineering,Diploma,10,4,40.9,No,63509.15,5.4,64428.95,No
33,Male,Lahore,Engineering,Master,21,7,41.0,No,35660.48,8.3,53051.47,No
56,Male,Lahore,Sales,Master,16,24,37.0,No,54045.77,1.9,75924.98,No
22,Male,Quetta,Engineering,Bachelor,20,26,33.3,Yes,54927.95,4.9,82287.57,Yes
39,Male,Peshawar,Marketing,Master,12,22,40.6,No,31832.71,6.7,50230.39,No
46,Male,Karachi,Finance,PhD,19,29,39.6,No,85067.97,2.9,99529.48,Yes
20,Male,Peshawar,Marketing,Bachelor,11,22,36.3,No,72547.25,5.5,96614.41,Yes
29,Other,Peshawar,Sales,Bachelor,18,19,31.7,Yes,50580.72,9.3,75870.44,No
43,Male,Lahore,Marketing,Bachelor,12,17,40.1,Yes,55537.72,10.0,67067.96,No
33,Female,Lahore,HR,Master,11,17,36.3,Yes,59167.66,1.3,76029.45,No
68,Male,Lahore,Finance,Bachelor,21,1,31.7,No,15000.0,3.1,32070.68,No
54,Female,Peshawar,HR,Master,17,3,40.3,No,56123.75,3.8,59479.14,No
39,Male,Karachi,HR,Bachelor,19,29,52.9,Yes,41360.32,4.6,68046.1,No
46,Female,Lahore,Sales,PhD,15,32,37.1,No,34967.6,3.2,60370.88,No
31,Female,Karachi,Engineering,Bachelor,15,35,52.0,No,49377.99,2.8,76540.81,Yes
45,Male,Karachi,HR,Bachelor,19,17,56.9,No,90953.73,9.6,112143.78,Yes
22,Female,Islamabad,Marketing,Master,20,36,32.4,Yes,67816.86,9.3,104719.97,Yes
64,Female,Karachi,Engineering,Bachelor,16,18,40.1,No,43576.42,1.4,74490.24,No
66,Male,Lahore,Marketing,Bachelor,16,27,56.8,Yes,66451.66,4.0,83602.07,Yes
47,Female,Quetta,Marketing,Bachelor,20,39,39.0,No,82987.11,4.6,115505.41,Yes
63,Female,Lahore,Engineering,Master,15,19,40.3,Yes,73492.67,3.2,79864.63,Yes
69,Female,Peshawar,Engineering,Diploma,13,32,26.6,No,56192.61,6.7,86166.59,Yes
22,Male,Peshawar,Marketing,PhD,20,11,35.7,No,42061.26,6.8,64029.61,No
29,Female,Karachi,Sales,Bachelor,18,14,44.4,Yes,68964.47,8.7,91788.55,Yes
33,Female,Peshawar,Finance,Bachelor,15,38,59.4,Yes,62869.71,7.7,97435.35,Yes
43,Female,Karachi,Finance,Master,13,1,38.4,No,72903.86,5.9,63616.93,No
43,Female,Islamabad,Sales,Master,21,28,26.7,No,67703.44,6.9,94152.35,Yes
65,Male,Lahore,Engineering,Bachelor,12,9,28.8,No,75991.05,3.5,84825.89,Yes
38,Female,Karachi,Marketing,Bachelor,13,1,39.7,Yes,44295.3,6.3,43730.04,No
56,Male,Karachi,Finance,Bachelor,12,10,49.4,Yes,81347.88,5.4,88708.2,Yes
53,Male,Islamabad,Marketing,Master,11,12,45.1,No,58951.99,2.2,62431.54,No
50,Female,Quetta,Sales,Bachelor,14,9,43.7,Yes,96505.22,3.2,98651.18,Yes
47,Female,Islamabad,Marketing,PhD,11,13,50.5,No,41216.24,3.6,57136.95,No
54,Male,Islamabad,Sales,Bachelor,15,17,34.2,Yes,89719.28,9.3,109238.17,Yes
40,Female,Lahore,Engineering,Bachelor,12,8,40.2,No,58958.22,3.1,57916.3,No
27,Male,Quetta,Sales,Bachelor,15,38,35.8,Yes,41971.64,3.6,74429.55,No
22,Male,Karachi,Sales,Bachelor,20,27,37.8,Yes,45322.28,4.3,75165.51,No
53,Female,Karachi,Finance,Bachelor,19,2,31.9,No,48593.05,7.0,56566.37,No
51,Male,Islamabad,Marketing,Bachelor,18,19,37.2,No,63483.32,2.1,78650.51,Yes
69,Male,Islamabad,Finance,Bachelor,10,5,39.8,Yes,65456.71,9.6,74373.33,No
48,Male,Peshawar,HR,Bachelor,15,26,37.0,Yes,43526.0,8.8,71136.99,No
27,Female,Quetta,Sales,Bachelor,18,1,38.7,Yes,54512.91,6.2,47538.47,No
36,Male,Islamabad,HR,Diploma,20,28,43.2,No,97845.41,7.1,119732.52,Yes
49,Male,Peshawar,Finance,Master,13,37,49.9,No,89550.86,1.1,114024.65,Yes
18,Female,Quetta,Marketing,Master,20,2,50.5,Yes,63726.47,4.1,73275.19,No
22,Female,Karachi,Finance,Bachelor,21,15,46.1,No,55760.07,8.2,77124.36,Yes
62,Male,Peshawar,Marketing,Bachelor,11,29,29.9,No,57400.63,1.7,72510.05,No
21,Female,Karachi,Marketing,Bachelor,13,39,37.1,No,67270.36,3.5,99985.68,Yes
33,Male,Peshawar,Engineering,Master,10,1,37.8,No,34544.15,6.3,38409.92,No
41,Other,Islamabad,Sales,Bachelor,12,16,34.7,Yes,49852.47,3.3,66489.35,No
33,Male,Lahore,Finance,Bachelor,19,11,42.7,Yes,21628.32,9.4,38716.35,No
19,Male,Karachi,Marketing,Master,18,34,27.2,Yes,62984.46,2.2,94436.86,Yes
66,Male,Islamabad,Finance,Bachelor,19,0,53.5,No,67943.92,8.2,78861.16,Yes
45,Male,Islamabad,Finance,Bachelor,14,14,49.6,No,45336.27,5.6,61243.57,No
49,Female,Karachi,Marketing,Bachelor,20,25,43.8,No,86479.74,7.8,108459.63,Yes
44,Male,Peshawar,HR,Master,15,36,39.5,Yes,30484.69,3.8,63680.2,No
37,Male,Karachi,Sales,Master,12,20,49.8,No,25712.5,5.6,52082.53,No
41,Female,Islamabad,Sales,Bachelor,14,30,45.5,Yes,59489.04,8.7,80446.2,Yes
29,Female,Quetta,Engineering,Bachelor,20,24,48.9,Yes,75941.97,5.2,94797.92,Yes
67,Male,Karachi,Engineering,Master,17,22,39.5,No,88678.55,4.2,100479.64,Yes
52,Male,Peshawar,Engineering,Bachelor,15,23,54.3,Yes,45822.31,5.8,71083.5,No
50,Male,Islamabad,Sales,Master,13,37,49.3,Yes,76573.62,7.5,114365.0,Yes
50,Male,Islamabad,HR,Master,11,27,44.1,No,54229.83,5.0,75762.87,No
68,Male,Islamabad,Sales,Bachelor,18,20,50.0,Yes,51547.45,9.4,70065.68,No
60,Female,Karachi,Sales,Bachelor,21,17,36.6,Yes,72673.2,3.7,98498.11,Yes
54,Female,Karachi,Sales,Master,10,35,30.7,Yes,68046.46,5.3,97788.23,Yes
29,Male,Karachi,Sales,Bachelor,10,34,42.6,No,23472.16,7.8,57052.56,No
20,Male,Karachi,HR,Bachelor,13,8,39.5,No,84530.81,7.2,90186.78,Yes
18,Male,Quetta,Engineering,Master,16,37,38.4,Yes,82601.83,8.8,119126.72,Yes
50,Male,Lahore,Finance,Bachelor,10,29,49.7,No,42488.75,10.0,70749.15,No
57,Male,Quetta,Engineering,Bachelor,18,33,41.3,Yes,62916.07,4.8,92258.12,Yes
27,Female,Islamabad,Engineering,Bachelor,13,31,42.1,No,64880.6,2.0,87223.53,Yes
60,Female,Quetta,Finance,Master,12,2,37.4,No,60213.48,1.3,55582.7,No
61,Other,Peshawar,Sales,Bachelor,10,2,47.0,No,43993.9,7.5,42721.68,No
46,Female,Karachi,HR,Diploma,19,27,45.6,No,41567.53,8.9,68197.52,No
30,Male,Peshawar,HR,Master,13,14,47.0,No,54488.92,3.0,73411.1,No
29,Female,Peshawar,Engineering,Bachelor,18,22,36.0,No,56123.75,2.4,91258.31,Yes
48,Male,Islamabad,Finance,Bachelor,19,39,50.4,No,65872.0,1.6,104646.65,Yes
63,Male,Karachi,Marketing,Bachelor,15,10,54.7,No,47587.71,8.4,56854.26,No
19,Female,Peshawar,Sales,Master,15,31,46.7,Yes,70433.97,3.8,87597.56,Yes
68,Male,Islamabad,Engineering,PhD,10,35,33.5,Yes,15000.0,4.6,51813.0,No
67,Female,Karachi,HR,Master,19,32,33.6,Yes,77975.31,5.5,114771.62,Yes
52,Male,Lahore,Finance,Bachelor,11,23,37.0,Yes,20205.72,8.6,41586.47,No
40,Female,Islamabad,Finance,Master,20,38,35.5,No,47751.18,6.9,76096.71,No
34,Female,Quetta,Engineering,Bachelor,15,33,39.4,No,32606.6,6.5,65970.51,No
43,Female,Karachi,Marketing,Master,11,27,45.1,No,56123.75,2.6,47959.86,No
25,Female,Peshawar,HR,Master,12,36,42.3,Yes,78216.54,5.6,109258.12,Yes
46,Male,Peshawar,Engineering,Bachelor,13,6,41.6,Yes,45645.98,7.4,61558.78,No
43,Female,Quetta,Marketing,Bachelor,20,3,38.1,No,61930.08,9.8,71230.16,No
27,Other,Quetta,Finance,Master,14,36,39.4,Yes,54061.59,2.8,90544.27,Yes
43,Female,Peshawar,Sales,Master,18,0,46.4,Yes,64540.82,1.1,71199.8,No
51,Female,Karachi,HR,Bachelor,21,0,23.9,No,56536.44,1.7,65342.53,No
68,Female,Islamabad,HR,Bachelor,13,19,39.9,No,29340.16,5.5,48152.2,No
58,Female,Quetta,Marketing,Master,20,18,42.3,No,74925.34,8.4,96748.19,Yes
24,Female,Quetta,Engineering,Bachelor,18,28,46.3,No,45124.87,1.1,71664.39,No
21,Female,Quetta,Finance,Bachelor,20,9,31.9,No,23868.36,5.1,40668.12,No
67,Female,Lahore,Marketing,Bachelor,19,17,31.5,No,46437.7,5.5,79852.49,Yes
62,Male,Karachi,Sales,Bachelor,12,27,44.7,No,85015.2,1.5,105771.68,Yes
28,Male,Karachi,Sales,Master,17,34,24.8,Yes,72004.43,5.1,95745.19,Yes
46,Male,Karachi,Sales,Diploma,21,30,50.7,No,48026.96,3.3,77727.17,Yes
53,Male,Karachi,Marketing,Master,10,26,41.8,Yes,48014.85,4.2,69920.74,No
42,Male,Karachi,Finance,Bachelor,20,10,52.5,Yes,48567.3,7.4,63806.6,No
38,Female,Peshawar,HR,Master,18,37,31.3,No,96534.96,5.7,130458.68,Yes
53,Male,Quetta,Engineering,Bachelor,18,4,36.5,No,62638.71,2.1,74857.8,No
27,Male,Peshawar,HR,Bachelor,19,7,20.7,No,63600.83,9.7,74722.57,No
54,Female,Lahore,Finance,Diploma,11,33,33.6,No,75605.67,6.7,93495.73,Yes
26,Other,Islamabad,HR,Bachelor,13,11,38.5,No,59775.78,7.9,71963.68,No
41,Female,Quetta,Marketing,Diploma,17,37,24.3,No,49819.16,1.7,79230.3,Yes
52,Other,Lahore,Sales,Bachelor,16,0,36.8,No,51073.0,1.4,55437.72,No
66,Female,Peshawar,Finance,Master,10,30,24.1,Yes,53567.97,1.2,76666.36,Yes
52,Male,Islamabad,Finance,Bachelor,14,3,37.9,Yes,54255.56,2.7,66321.79,No
65,Female,Lahore,HR,Bachelor,16,4,49.2,No,69552.59,4.7,75081.37,No
53,Female,Islamabad,Marketing,Bachelor,13,29,39.7,Yes,56038.92,9.4,79954.07,Yes
35,Male,Lahore,HR,PhD,10,23,53.3,No,69652.8,5.1,80689.86,Yes
66,Male,Peshawar,HR,Master,18,2,46.3,No,53385.67,3.6,59487.03,No
56,Female,Karachi,Finance,PhD,14,10,50.8,No,56572.7,6.1,66023.24,No
49,Male,Lahore,HR,Master,20,3,33.9,No,15035.99,5.5,25220.09,No
41,Female,Peshawar,Sales,PhD,11,25,33.7,No,73326.55,6.5,95820.51,Yes
40,Male,Karachi,HR,Bachelor,17,26,42.8,Yes,61929.77,6.1,81152.9,Yes
49,Female,Peshawar,Sales,Bachelor,20,26,27.4,Yes,74960.2,8.1,96581.46,Yes
54,Female,Peshawar,Finance,Master,11,5,43.8,Yes,15000.0,9.9,25934.59,No
29,Male,Quetta,Marketing,Master,12,14,37.4,No,96767.49,3.3,102483.2,Yes
66,Male,Peshawar,Sales,Master,19,29,50.6,Yes,52208.21,5.6,80783.84,Yes
30,Female,Quetta,Marketing,Bachelor,10,36,45.4,No,77163.66,9.2,104206.04,Yes
40,Female,Quetta,Marketing,Bachelor,20,36,48.8,No,34201.88,8.1,73941.52,No
42,Female,Quetta,Sales,Diploma,11,36,34.0,Yes,67255.48,5.4,95647.06,Yes
52,Female,Lahore,Finance,Master,16,34,48.4,Yes,56123.75,9.5,58440.1,No
58,Female,Islamabad,Engineering,Bachelor,19,22,51.6,No,42524.62,1.5,61308.17,No
47,Male,Lahore,Marketing,Master,11,5,39.7,No,93280.63,9.4,98751.49,Yes
34,Male,Quetta,Marketing,Diploma,15,3,34.1,No,51186.35,1.5,60231.08,No
66,Male,Islamabad,Finance,Bachelor,12,17,34.2,No,59348.66,5.9,78873.08,Yes
37,Female,Islamabad,Finance,PhD,13,8,49.9,No,72401.35,9.0,84767.1,Yes
65,Male,Quetta,HR,Diploma,20,28,61.5,No,64913.64,3.4,92434.46,Yes
42,Male,Islamabad,Finance,Diploma,17,12,32.1,No,58008.38,5.3,73213.37,No
39,Female,Karachi,Marketing,Diploma,12,16,31.5,No,62299.22,3.9,69469.76,No
30,Female,Lahore,Sales,Master,19,31,47.4,Yes,103068.31,9.6,118768.6,Yes
36,Male,Islamabad,Engineering,Bachelor,15,21,34.0,No,53847.62,8.4,68194.95,No
66,Male,Quetta,HR,Bachelor,10,3,48.1,Yes,59021.98,7.4,60430.59,No
53,Male,Karachi,Sales,Bachelor,16,4,43.7,Yes,76013.09,6.3,75903.26,No
29,Male,Karachi,Engineering,Bachelor,17,36,39.8,Yes,77110.52,8.4,108954.83,Yes
58,Female,Karachi,Engineering,Bachelor,20,12,43.5,No,78740.61,4.5,88006.11,Yes
36,Male,Quetta,Engineering,Bachelor,17,33,43.0,Yes,67774.6,5.0,103286.28,Yes
29,Female,Karachi,Sales,Bachelor,12,21,38.6,Yes,32139.9,7.6,48860.23,No
26,Female,Lahore,HR,Bachelor,19,22,25.9,No,87668.63,4.2,106464.68,Yes
24,Male,Karachi,HR,PhD,10,2,41.4,No,32073.09,1.6,33846.94,No
45,Other,Quetta,Engineering,Bachelor,18,33,52.6,No,61052.71,1.7,85824.55,Yes
31,Male,Quetta,Sales,Master,15,31,27.1,No,39914.48,2.0,65184.47,No
48,Male,Islamabad,Engineering,Master,20,20,32.3,No,53717.23,8.8,66729.21,No
69,Male,Islamabad,Finance,Bachelor,18,20,43.4,No,61575.25,5.3,85749.46,Yes
36,Male,Islamabad,HR,Diploma,16,10,40.3,Yes,61427.14,7.4,81715.73,Yes
64,Male,Peshawar,Marketing,Master,10,38,43.3,No,63438.42,4.5,92507.25,Yes
33,Male,Lahore,Engineering,Bachelor,21,3,34.4,No,87274.23,3.3,92582.12,Yes
22,Female,Quetta,Finance,Bachelor,21,0,49.3,No,64070.69,4.1,66414.33,No
52,Female,Quetta,HR,Bachelor,10,27,40.4,No,50116.87,8.1,68534.73,No
29,Female,Islamabad,Sales,Bachelor,15,23,45.6,No,74281.74,6.6,96758.08,Yes
42,Male,Quetta,HR,Bachelor,14,34,42.6,No,78789.41,9.4,109525.81,Yes
69,Female,Quetta,Sales,Master,18,12,41.4,Yes,30447.84,7.1,33272.38,No
38,Female,Karachi,Sales,PhD,11,33,45.0,No,66948.0,6.1,87310.15,Yes
53,Female,Quetta,Engineering,Master,17,10,41.5,No,69023.45,6.5,68805.8,No
40,Female,Peshawar,Engineering,Bachelor,20,35,30.5,No,49048.73,9.5,91270.93,Yes
33,Female,Islamabad,HR,Bachelor,14,16,48.7,No,82514.14,8.1,94133.58,Yes
56,Male,Lahore,Finance,Bachelor,11,34,46.5,Yes,51998.89,1.2,82262.51,Yes
62,Female,Lahore,HR,Bachelor,19,17,23.1,Yes,57511.53,5.8,74533.9,No
59,Male,Karachi,Marketing,Bachelor,20,39,34.8,Yes,51538.56,7.2,96458.19,Yes
56,Other,Lahore,Sales,PhD,20,21,48.3,No,55311.58,7.7,83193.95,Yes
31,Male,Lahore,Sales,Bachelor,21,23,25.4,No,56123.75,2.9,58459.65,No
48,Male,Islamabad,Engineering,PhD,15,18,47.5,Yes,26198.98,8.8,57909.05,No
22,Male,Islamabad,Finance,Bachelor,19,36,38.9,Yes,86890.1,9.6,121507.68,Yes
52,Female,Peshawar,Engineering,Diploma,17,38,50.7,No,38060.77,3.1,65284.07,No
40,Male,Karachi,Marketing,Master,13,20,40.0,Yes,35172.15,8.9,58525.03,No
46,Male,Lahore,HR,Master,11,7,34.2,No,15000.0,1.9,27757.2,No
60,Female,Peshawar,HR,Bachelor,21,27,42.5,Yes,42220.77,1.5,69582.57,No
28,Female,Karachi,Finance,PhD,20,4,39.8,No,28538.2,2.2,35986.96,No
35,Male,Lahore,Engineering,PhD,14,16,33.5,Yes,87840.3,1.5,109328.08,Yes
64,Male,Lahore,Engineering,Master,21,36,57.7,No,56123.75,5.5,103627.39,Yes
29,Female,Islamabad,Marketing,Master,11,35,32.2,No,41236.99,1.5,55744.72,No
26,Female,Quetta,HR,Master,11,18,22.1,Yes,100048.72,3.4,118759.12,Yes
27,Female,Karachi,Engineering,Bachelor,15,26,52.7,No,74635.31,1.9,88411.54,Yes
61,Female,Lahore,Finance,Master,20,33,35.3,No,48503.37,3.7,78229.94,Yes
34,Male,Karachi,HR,PhD,19,10,37.6,No,15000.0,1.8,29652.84,No
55,Female,Peshawar,Marketing,Bachelor,18,11,37.1,No,100818.85,7.0,115295.71,Yes
24,Female,Peshawar,Finance,Bachelor,13,20,35.4,Yes,27208.55,2.2,54521.98,No
63,Female,Quetta,Sales,Bachelor,15,10,33.9,No,22092.03,8.7,30030.95,No
30,Male,Lahore,Marketing,Master,16,38,32.0,No,75451.41,8.4,115610.82,Yes
57,Female,Islamabad,Finance,Bachelor,20,27,40.5,No,103795.05,1.1,130537.6,Yes
59,Female,Lahore,Engineering,Bachelor,15,4,36.8,No,82685.46,9.1,86443.69,Yes
26,Male,Karachi,Sales,Bachelor,17,16,45.8,Yes,66278.18,1.3,87203.07,Yes
67,Female,Peshawar,Marketing,Master,13,19,43.9,No,66895.09,3.2,86529.73,Yes
44,Female,Karachi,Engineering,Bachelor,21,11,32.6,No,72068.31,1.3,81789.34,Yes
19,Female,Quetta,Sales,Master,10,5,40.9,Yes,70178.57,4.0,72272.88,No
22,Female,Peshawar,HR,Bachelor,16,16,36.7,No,60623.83,5.6,78488.09,Yes
46,Female,Islamabad,Engineering,Master,12,18,32.1,No,57084.02,8.2,64592.99,No
54,Female,Peshawar,Finance,Diploma,15,25,45.5,Yes,53748.14,4.0,75004.29,No
55,Male,Lahore,Marketing,Bachelor,11,31,39.0,Yes,39920.71,7.3,63616.85,No
36,Male,Lahore,Sales,Bachelor,18,5,36.7,No,49386.5,2.7,65375.74,No
25,Male,Karachi,Engineering,PhD,10,35,33.2,Yes,21140.86,7.8,53738.86,No
65,Female,Quetta,HR,Bachelor,15,37,31.8,Yes,53033.21,5.5,86841.76,Yes
62,Female,Lahore,Marketing,Bachelor,15,10,55.9,No,35228.18,2.3,45303.3,No
18,Female,Lahore,Marketing,PhD,14,32,42.7,Yes,56123.75,2.7,61327.97,No
39,Female,Islamabad,Engineering,Diploma,14,23,31.3,No,58597.88,2.6,78472.92,Yes
69,Female,Peshawar,HR,Master,10,22,42.3,No,82840.05,5.6,93682.83,Yes
34,Other,Lahore,Sales,Bachelor,19,14,48.5,No,73366.33,8.6,88317.29,Yes
24,Male,Karachi,Engineering,Bachelor,21,26,41.3,No,23589.99,1.7,52011.78,No
42,Female,Karachi,Sales,Bachelor,14,10,51.0,No,35207.44,7.4,45290.62,No
62,Male,Peshawar,Marketing,Master,11,16,27.7,Yes,73815.42,6.9,89959.16,Yes
21,Female,Islamabad,Sales,Master,16,13,24.1,No,35350.25,8.9,49150.25,No
53,Female,Lahore,HR,PhD,12,26,42.1,No,50507.34,3.2,79772.18,Yes
23,Female,Quetta,Finance,Bachelor,13,17,42.2,Yes,66001.04,5.1,83875.76,Yes
48,Male,Peshawar,HR,Master,12,27,17.21250000000001,No,35633.11,9.3,55713.25,No
36,Male,Quetta,Sales,Bachelor,12,3,35.0,No,57107.51,6.9,64621.15,No
61,Female,Quetta,Engineering,Bachelor,13,6,31.9,No,28319.49,4.5,33190.14,No
56,Female,Islamabad,Marketing,Master,14,34,28.9,No,42972.65,2.2,72713.84,No
44,Male,Peshawar,Finance,Bachelor,10,8,31.9,No,61395.64,3.4,64020.1,No
27,Female,Lahore,Engineering,Master,13,7,44.8,No,23140.13,6.2,22314.1,No
43,Male,Islamabad,Engineering,Master,21,16,31.9,No,63809.49,7.5,82869.87,Yes
36,Female,Lahore,HR,Diploma,21,16,32.1,Yes,54607.24,2.1,65604.44,No
56,Female,Karachi,Sales,Master,20,32,27.0,Yes,66049.8,6.4,98763.4,Yes
20,Female,Quetta,HR,PhD,17,31,50.2,No,59478.28,6.0,88004.38,Yes
62,Other,Karachi,Sales,Master,19,7,43.5,No,82282.81,5.6,87815.11,Yes
30,Female,Quetta,HR,Bachelor,16,18,20.1,Yes,57504.49,7.2,85141.73,Yes
67,Female,Islamabad,Engineering,Bachelor,18,37,32.1,Yes,46411.89,8.5,76424.26,Yes
45,Male,Lahore,Marketing,Master,14,2,44.2,Yes,57445.95,3.9,59549.67,No
37,Male,Lahore,Sales,Master,19,4,50.3,No,65865.96,9.0,69075.91,No
45,Male,Islamabad,Finance,Master,13,12,46.7,No,55977.2,2.4,77406.06,Yes
25,Female,Peshawar,Finance,Bachelor,17,30,37.2,No,55811.83,2.6,88771.87,Yes
58,Male,Karachi,Engineering,Bachelor,18,15,24.5,No,40960.17,3.4,51773.54,No
56,Male,Karachi,HR,Bachelor,16,31,47.0,No,41741.98,2.1,66869.88,No
18,Male,Lahore,HR,Master,16,21,37.6,No,26947.89,3.1,46024.81,No
20,Male,Lahore,Engineering,Master,14,28,40.6,Yes,89991.53,2.0,109438.74,Yes
30,Male,Lahore,Finance,Master,13,21,38.6,Yes,30122.74,8.4,48916.56,No
45,Female,Islamabad,Finance,Bachelor,19,2,29.2,No,41141.9,2.3,44288.95,No
66,Female,Peshawar,HR,Bachelor,10,9,42.9,Yes,56123.75,7.7,55803.03,No
42,Female,Karachi,Sales,Master,19,20,41.8,No,72898.49,1.4,99763.2,Yes
50,Female,Karachi,Marketing,Master,19,15,36.6,No,49101.01,9.5,59318.92,No
55,Male,Islamabad,Sales,Bachelor,16,11,43.8,No,79954.84,7.4,85773.82,Yes
23,Female,Karachi,Finance,Master,10,1,29.0,No,41530.19,1.1,43074.97,No
61,Male,Peshawar,Sales,Bachelor,10,23,37.8,No,60579.88,7.9,72390.36,No
62,Male,Islamabad,Marketing,Master,14,34,40.2,Yes,38293.06,5.6,72740.91,No
49,Female,Karachi,Sales,PhD,18,29,26.1,No,97902.98,8.0,123913.2,Yes
62,Male,Islamabad,Sales,Master,15,29,39.5,No,31248.03,5.7,64036.49,No
64,Female,Karachi,Sales,Master,12,34,45.9,Yes,61196.41,6.8,92577.49,Yes
38,Male,Karachi,Sales,Bachelor,12,18,37.6,Yes,67675.54,8.1,82261.74,Yes
33,Female,Peshawar,Engineering,Master,16,7,39.7,No,63275.98,4.6,69520.03,No
38,Female,Quetta,Finance,Master,15,25,44.5,No,51294.25,1.0,66567.19,No
28,Male,Peshawar,Marketing,Master,18,39,36.9,No,52403.59,8.6,92264.92,Yes
54,Female,Karachi,Finance,Master,15,6,37.6,No,55876.23,4.4,70425.41,No
53,Male,Islamabad,Engineering,Bachelor,14,29,30.6,No,52059.96,5.5,81014.97,Yes
52,Female,Peshawar,Engineering,Diploma,19,6,39.9,Yes,74277.58,1.1,77704.82,Yes
36,Male,Quetta,Engineering,Master,16,2,37.3,No,99210.46,5.4,105483.37,Yes
37,Female,Karachi,Engineering,Bachelor,10,0,44.0,No,43850.16,9.9,57763.38,No
35,Female,Peshawar,Sales,Master,21,35,44.5,Yes,27603.94,3.5,65309.29,No
64,Male,Peshawar,Finance,Bachelor,16,24,46.3,No,53234.36,5.5,79263.29,Yes
58,Female,Peshawar,HR,Bachelor,12,36,35.9,No,104960.96125000001,7.2,132644.58499999996,Yes
66,Female,Peshawar,Marketing,Bachelor,18,0,22.6,Yes,38926.51,8.3,38201.57,No
31,Female,Islamabad,Engineering,Master,15,14,45.9,No,87782.34,4.8,95588.5,Yes
32,Female,Quetta,Finance,PhD,18,36,43.4,No,88554.02,3.8,114569.29,Yes
48,Male,Quetta,Engineering,Master,14,12,34.9,No,43928.24,9.4,63129.75,No
18,Female,Karachi,Engineering,Master,16,39,44.4,Yes,66379.66,7.1,104363.54,Yes
20,Male,Lahore,Engineering,Bachelor,13,7,28.4,No,87567.93,2.1,90937.45,Yes
33,Male,Islamabad,Engineering,Bachelor,16,4,48.2,Yes,47417.45,1.6,52686.31,No
40,Other,Karachi,Engineering,Bachelor,10,8,37.3,Yes,50928.39,5.4,51622.57,No
28,Female,Karachi,Marketing,Master,16,0,33.4,No,43366.38,3.0,46352.68,No
29,Male,Peshawar,Finance,Diploma,17,35,35.0,No,34704.87,3.3,63951.54,No
27,Male,Lahore,Engineering,Bachelor,14,34,38.1,No,42014.45,8.9,69290.5,No
49,Female,Lahore,Engineering,Master,11,1,39.9,No,30521.19,1.8,37440.41,No
33,Male,Islamabad,Engineering,Diploma,14,39,40.4,Yes,55681.67,7.4,95843.1,Yes
25,Male,Lahore,Engineering,Bachelor,15,22,36.6,No,39600.54,3.4,59317.52,No
55,Male,Karachi,Sales,Master,21,8,41.6,No,59675.72,7.8,65102.93,No
29,Female,Lahore,Sales,Master,11,33,40.1,No,23882.09,7.5,50014.82,No
41,Female,Lahore,HR,Master,15,13,34.8,No,61617.6,1.1,77152.11,Yes
45,Male,Quetta,Engineering,Bachelor,15,3,33.6,No,71670.58,5.6,78422.12,Yes
25,Female,Karachi,HR,Master,10,29,44.9,No,15125.29,2.3,38643.74,No
45,Male,Lahore,Marketing,Master,10,30,44.2,No,62481.13,8.8,88166.78,Yes
53,Female,Lahore,HR,Bachelor,20,37,40.5,No,79553.38,8.8,101963.93,Yes
43,Other,Peshawar,Finance,Master,19,10,47.4,No,30807.18,4.8,35913.84,No
25,Female,Lahore,Sales,Bachelor,12,34,24.3,Yes,88451.45,5.0,123891.94,Yes
67,Female,Lahore,Sales,PhD,19,7,35.5,Yes,63380.38,3.7,75484.97,No
45,Female,Quetta,Engineering,Master,19,2,30.7,No,40899.76,7.4,48638.09,No
45,Female,Karachi,Engineering,PhD,21,13,58.1,Yes,53884.62,4.2,68371.38,No
54,Female,Islamabad,Marketing,Bachelor,12,12,45.7,No,66166.54,3.4,65860.72,No
58,Female,Karachi,Marketing,Bachelor,13,31,39.4,Yes,56520.11,4.9,88304.17,Yes
53,Male,Peshawar,Finance,Bachelor,11,33,46.3,Yes,65775.12,1.8,87153.16,Yes
44,Male,Karachi,Engineering,Bachelor,18,18,48.9,No,36586.53,7.7,62158.79,No
34,Female,Lahore,Engineering,Bachelor,19,37,48.8,No,58387.22,1.1,91138.5,Yes
26,Female,Peshawar,Marketing,Master,21,15,47.4,No,56123.75,6.8,46832.67,No
50,Male,Karachi,Marketing,Bachelor,20,1,37.9,No,52775.48,5.5,52566.1,No
37,Male,Peshawar,Marketing,Master,16,39,36.0,No,36921.85,3.1,66914.41,No
30,Female,Islamabad,Sales,Bachelor,16,16,32.3,Yes,40289.4,6.7,60720.13,No
45,Female,Karachi,HR,Master,15,33,44.0,Yes,79721.86,9.9,108715.76,Yes
65,Female,Lahore,HR,Master,12,15,38.7,No,76826.2,8.0,88279.42,Yes
46,Female,Peshawar,Engineering,Master,15,37,36.7,No,67182.76,3.0,98394.69,Yes
30,Female,Quetta,Sales,Diploma,21,1,36.2,No,33153.74,2.6,30734.65,No
63,Female,Peshawar,Marketing,Bachelor,17,1,51.6,No,48671.83,8.8,59320.37,No
52,Female,Quetta,Engineering,Bachelor,17,25,47.6,Yes,79261.95,5.0,99256.26,Yes
23,Female,Lahore,Sales,Bachelor,20,12,54.6,Yes,57834.34,2.2,77859.13,Yes
35,Female,Karachi,Finance,Bachelor,18,30,44.2,No,101386.59,8.8,115346.31,Yes
68,Male,Quetta,Sales,Master,10,33,40.5,No,62866.36,8.3,93314.85,Yes
22,Male,Islamabad,Engineering,Bachelor,10,38,39.8,Yes,58840.98,9.9,95324.78,Yes
64,Other,Peshawar,HR,Master,12,2,31.8,Yes,48817.67,9.2,48065.24,No
42,Male,Lahore,Marketing,Bachelor,12,7,29.9,Yes,57670.82,8.7,64117.46,No
19,Male,Quetta,Finance,Diploma,19,22,44.1,No,51950.6,1.5,69008.01,No
27,Female,Peshawar,Sales,Diploma,17,13,32.5,No,69162.17,1.9,84532.02,Yes
47,Female,Karachi,Engineering,Bachelor,19,26,41.7,No,74134.05,6.1,98895.09,Yes
67,Male,Peshawar,Engineering,Bachelor,10,28,48.9,No,39280.21,5.8,72486.43,No
62,Male,Islamabad,Marketing,PhD,11,38,34.7,No,28375.34,5.1,63982.58,No
22,Male,Lahore,Engineering,Diploma,11,38,56.1,No,18275.89,4.6,57389.52,No
50,Female,Lahore,Engineering,Bachelor,12,0,32.1,Yes,65159.83,4.9,71673.9,No
18,Male,Peshawar,Marketing,Bachelor,15,16,47.9,Yes,32932.67,6.1,55741.54,No
35,Male,Karachi,Finance,Diploma,10,29,43.4,Yes,15000.0,1.0,41279.08,No
49,Male,Islamabad,HR,Master,11,12,49.6,No,62771.57,3.3,69732.94,No
64,Female,Peshawar,HR,Bachelor,10,20,31.1,No,104859.99,5.7,115185.32,Yes
66,Male,Peshawar,Sales,Master,14,18,58.5,No,54878.58,7.5,77023.64,Yes
28,Male,Lahore,Finance,Diploma,16,18,38.6,No,71769.82,2.6,83942.32,Yes
38,Female,Islamabad,Sales,PhD,17,24,45.4,Yes,56636.59,5.9,83403.7,Yes
43,Other,Karachi,HR,Master,19,21,51.6,No,53022.21,7.4,77853.15,Yes
42,Female,Lahore,Marketing,Master,10,30,35.2,No,73381.53,5.0,88776.85,Yes
39,Other,Peshawar,Engineering,Bachelor,16,16,46.6,No,49194.51,1.2,68452.74,No
44,Female,Lahore,HR,PhD,14,22,33.8,Yes,60347.85,5.0,80822.67,Yes
66,Male,Lahore,Finance,Bachelor,19,31,51.2,No,61433.96,3.7,87947.94,Yes
30,Female,Quetta,HR,Diploma,10,9,33.9,No,41638.19,9.4,51631.51,No
50,Male,Lahore,Finance,Bachelor,12,9,40.3,No,74840.85,2.1,78628.51,Yes
51,Female,Karachi,Finance,PhD,16,35,42.4,No,51500.8,6.9,84159.08,Yes
58,Male,Islamabad,Finance,Bachelor,19,7,46.3,No,39885.1,1.5,50606.79,No
52,Male,Lahore,Sales,Master,10,19,55.7,Yes,65730.2,5.0,74407.56,No
18,Female,Karachi,Marketing,Bachelor,16,31,36.4,Yes,37030.64,6.0,66937.4,No
38,Male,Peshawar,HR,Master,14,13,49.1,Yes,55563.62,3.7,67503.84,No
65,Female,Islamabad,Marketing,PhD,10,27,55.8,Yes,54817.62,5.1,80343.79,Yes
23,Male,Lahore,Engineering,Master,10,23,41.3,No,76717.91,2.5,97594.96,Yes
45,Male,Karachi,HR,Master,10,14,35.6,No,64493.96,3.7,72809.56,No
34,Female,Peshawar,Marketing,Bachelor,20,21,26.2,No,54499.46,6.6,72382.54,No
22,Female,Islamabad,Marketing,Diploma,18,29,55.1,Yes,56123.75,3.7,88829.03,Yes
48,Female,Karachi,Engineering,Master,20,3,38.0,No,82804.15,9.1,84083.55,Yes
22,Male,Lahore,Finance,Master,12,12,32.0,Yes,66156.21,6.7,76734.25,Yes
55,Female,Quetta,HR,Master,14,22,29.1,Yes,56123.75,4.9,68760.03,No
20,Female,Quetta,HR,Master,20,7,32.0,No,28763.28,1.3,44842.63,No
40,Female,Islamabad,Engineering,Bachelor,19,17,47.4,No,33697.73,5.5,54888.77,No
54,Male,Karachi,Finance,Master,21,11,48.5,No,48895.51,7.9,65073.88,No
54,Female,Peshawar,HR,Master,18,30,45.2,Yes,42809.76,3.4,72165.43,No
27,Female,Karachi,HR,PhD,15,13,41.1,No,51260.57,8.3,66554.74,No
27,Female,Quetta,HR,PhD,21,33,30.0,Yes,56133.0,3.3,91275.17,Yes
36,Female,Islamabad,Finance,Bachelor,18,17,34.2,Yes,65593.86,8.4,87899.51,Yes
34,Female,Lahore,Engineering,Bachelor,17,33,31.1,No,53590.02,1.8,80625.36,Yes
38,Male,Karachi,HR,Bachelor,17,10,44.6,Yes,56123.75,8.8,77887.35,Yes
31,Male,Quetta,Marketing,Bachelor,10,11,31.5,Yes,56289.49,5.5,68175.39,No
26,Female,Peshawar,Finance,Master,18,14,34.3,No,15490.67,3.7,32837.8,No
63,Male,Islamabad,Sales,PhD,15,30,38.5,No,36213.29,3.4,69473.55,No
18,Male,Lahore,Engineering,Bachelor,18,28,26.6,No,52118.25,4.9,85913.04,Yes
68,Male,Karachi,Marketing,Bachelor,12,25,40.4,No,30806.11,10.0,58445.87,No
62,Male,Peshawar,HR,Diploma,21,17,39.1,Yes,66998.57,3.0,81957.75,Yes
30,Female,Lahore,Sales,PhD,12,31,49.5,Yes,85615.02,1.9,110665.52,Yes
21,Female,Quetta,Engineering,Master,15,21,33.4,Yes,79375.24,6.3,99246.21,Yes
18,Female,Quetta,Finance,Master,18,37,29.6,No,50731.14,5.4,79417.82,Yes
66,Male,Peshawar,Sales,Master,16,16,37.0,No,84814.52,5.7,100756.07,Yes
57,Female,Quetta,Sales,Bachelor,12,22,31.2,No,57973.35,7.0,73655.06,No
49,Female,Islamabad,Marketing,Bachelor,12,23,40.3,No,48258.28,3.4,71082.92,No
51,Other,Peshawar,Engineering,Bachelor,11,7,25.1,Yes,42731.95,9.2,56020.11,No
45,Female,Quetta,Marketing,Bachelor,18,5,35.2,No,48950.61,4.9,58140.48,No
48,Male,Karachi,Marketing,Diploma,12,4,32.6,Yes,47236.46,2.2,53765.55,No
25,Female,Quetta,HR,Master,20,28,44.5,No,58408.32,7.7,75110.63,No
56,Other,Islamabad,Finance,Bachelor,14,27,33.5,No,58211.48,6.8,76958.96,Yes
43,Female,Lahore,Sales,Bachelor,18,10,26.1,No,55060.92,3.8,65540.82,No
51,Female,Lahore,Engineering,Bachelor,17,0,38.4,No,63738.76,6.6,73941.8,No
20,Male,Quetta,Finance,Master,11,18,42.6,No,78812.93,3.0,94555.04,Yes
67,Female,Lahore,Finance,PhD,12,8,37.8,Yes,73991.08,5.0,89262.2,Yes
29,Female,Quetta,Engineering,Bachelor,11,26,35.1,Yes,25302.04,9.1,51916.77,No
18,Male,Islamabad,Finance,Bachelor,17,33,34.6,No,15000.0,2.2,48905.75,No
61,Female,Lahore,HR,Master,15,3,40.9,Yes,73686.4,4.5,84393.39,Yes
22,Male,Karachi,Finance,Master,15,35,32.9,No,27662.43,8.4,62120.12,No
47,Male,Quetta,HR,Bachelor,21,17,37.4,No,50504.69,9.7,67531.87,No
47,Male,Lahore,Sales,Master,18,14,46.0,No,31597.74,5.1,51751.74,No
34,Male,Islamabad,Sales,Master,17,12,29.6,No,18960.39,5.6,42456.92,No
65,Female,Islamabad,Marketing,Bachelor,13,18,39.7,Yes,65829.25,6.1,77546.59,Yes
64,Male,Karachi,HR,Bachelor,21,5,25.7,No,70183.1,9.4,83430.01,Yes
40,Male,Islamabad,Sales,Bachelor,13,11,41.8,No,43469.79,8.7,56566.63,No
32,Female,Islamabad,Finance,PhD,18,36,32.2,No,15000.0,2.5,52806.75,No
54,Female,Lahore,Engineering,Diploma,10,16,48.2,Yes,44075.11,5.5,60205.27,No
38,Female,Quetta,Engineering,PhD,11,22,28.2,No,62836.08,5.2,77640.95,Yes
31,Male,Peshawar,HR,Master,11,25,43.5,Yes,25421.77,8.1,51478.65,No
19,Female,Islamabad,Marketing,Master,15,28,49.8,No,58667.2,6.4,81354.34,Yes
28,Male,Islamabad,Finance,Master,13,32,31.8,Yes,54693.8,6.9,85188.16,Yes
68,Female,Peshawar,HR,Diploma,20,26,33.1,No,66585.83,10.0,87996.76,Yes
56,Male,Islamabad,Engineering,Bachelor,19,24,32.4,No,57391.61,5.5,77827.02,Yes
55,Female,Lahore,HR,Master,12,9,36.1,Yes,35538.62,3.0,43714.96,No
51,Male,Lahore,Finance,Master,12,22,44.1,Yes,78931.43,4.7,99206.8,Yes
55,Female,Peshawar,Sales,Master,12,20,35.5,No,51829.41,4.1,61298.8,No
67,Female,Islamabad,Finance,Bachelor,15,20,31.0,Yes,54453.91,1.2,72032.87,No
51,Male,Islamabad,Sales,Master,17,12,23.8,No,36334.64,1.8,47800.13,No
35,Male,Quetta,Sales,Master,20,36,52.8,No,46134.35,7.1,80393.86,Yes
47,Female,Islamabad,Sales,Bachelor,16,32,53.4,No,37303.95,8.9,65042.71,No
32,Other,Lahore,HR,Master,13,23,44.5,No,51541.08,5.6,73939.83,No
44,Female,Karachi,Engineering,Bachelor,20,10,33.5,Yes,89234.17,5.9,98995.19,Yes
68,Male,Karachi,HR,Diploma,21,16,46.0,Yes,27561.98,3.3,53853.83,No
51,Male,Karachi,Engineering,Master,13,3,47.6,Yes,22728.77,7.9,34934.55,No
69,Female,Karachi,Finance,Master,20,24,38.0,No,84423.41,7.8,98335.84,Yes
55,Female,Islamabad,Marketing,Bachelor,19,29,40.3,No,50813.53,6.3,74022.18,No
50,Female,Islamabad,Finance,Bachelor,20,8,49.9,Yes,41618.55,2.9,53561.16,No
41,Female,Quetta,HR,Master,20,20,26.9,Yes,75798.09,1.9,94273.61,Yes
32,Female,Islamabad,HR,Bachelor,20,19,48.0,No,42887.69,1.6,58420.02,No
47,Female,Karachi,Engineering,Master,11,18,37.5,No,91520.19,6.3,109178.04,Yes
59,Male,Peshawar,HR,Bachelor,10,18,31.1,No,68558.52,8.4,87946.11,Yes
68,Male,Peshawar,Sales,PhD,18,11,31.8,No,45241.77,8.7,52903.89,No
34,Female,Lahore,HR,Master,21,36,33.1,No,98146.16,5.2,129418.68,Yes
22,Male,Lahore,Engineering,Bachelor,21,16,30.3,Yes,42885.7,8.1,65298.15,No
46,Male,Islamabad,Engineering,Master,11,36,54.2,No,69841.91,5.5,106227.09,Yes
21,Male,Peshawar,Sales,PhD,17,38,43.9,No,60985.85,3.5,86987.85,Yes
27,Male,Karachi,Engineering,Master,18,27,48.5,No,81034.83,4.6,115210.62,Yes
34,Female,Karachi,Marketing,Bachelor,13,34,44.5,No,86230.22,9.4,108412.47,Yes
27,Female,Karachi,Finance,Master,17,17,40.5,Yes,55640.08,4.0,74968.71,No
34,Female,Islamabad,HR,Bachelor,18,13,40.6,Yes,39931.64,9.2,54766.69,No
37,Male,Islamabad,Marketing,Bachelor,19,34,36.8,No,64199.44,9.8,95538.7,Yes
41,Female,Quetta,HR,Bachelor,19,6,37.5,Yes,41445.69,7.0,44954.03,No
22,Male,Karachi,Marketing,Master,14,12,28.7,No,95267.74,8.4,110845.4,Yes
51,Female,Karachi,HR,Bachelor,16,17,48.7,No,57730.71,7.7,73019.4,No
23,Female,Islamabad,Sales,Diploma,19,36,25.5,No,47693.57,7.3,80905.92,Yes
19,Male,Islamabad,Engineering,Bachelor,13,12,31.5,No,58693.61,3.8,81626.66,Yes
30,Female,Quetta,Engineering,Bachelor,10,35,56.1,No,28057.47,1.5,61998.94,No
60,Female,Quetta,Sales,Bachelor,12,30,41.1,Yes,35567.72,4.1,59599.14,No
60,Male,Lahore,Marketing,Bachelor,14,1,41.4,No,79008.28,7.0,77956.17,Yes
65,Female,Peshawar,Finance,Master,12,15,45.1,No,41862.11,1.9,56044.91,No
28,Male,Karachi,Marketing,Bachelor,21,8,27.7,No,34061.78,1.1,51739.25,No
68,Male,Karachi,Engineering,Bachelor,20,8,28.8,No,65733.06,5.5,85011.96,Yes
64,Female,Quetta,Finance,Bachelor,16,37,36.4,No,78714.08,7.4,101122.18,Yes
40,Female,Quetta,HR,Bachelor,21,10,32.8,Yes,69379.07,9.8,87216.26,Yes
33,Female,Lahore,Finance,Bachelor,18,21,39.4,Yes,74920.95,9.8,100307.2,Yes
48,Male,Peshawar,Marketing,Master,21,32,43.9,No,39864.1,5.4,69650.16,No
28,Male,Lahore,Sales,Master,15,35,51.1,No,26563.79,8.8,60246.11,No
33,Female,Peshawar,HR,Master,19,22,46.5,No,85026.67,7.6,96252.34,Yes
25,Male,Karachi,Marketing,Master,10,33,32.0,No,48546.4,5.5,74237.29,No
21,Female,Lahore,HR,Master,16,8,37.0,No,49983.34,6.2,60905.48,No
57,Female,Quetta,Finance,Diploma,12,23,34.8,No,81563.88,2.2,104938.08,Yes
21,Female,Lahore,Engineering,Bachelor,14,7,31.9,No,66124.6,9.4,81863.97,Yes
42,Female,Lahore,Marketing,Bachelor,19,6,30.0,No,64117.76,4.2,66619.49,No
20,Male,Karachi,Sales,Bachelor,13,35,53.3,No,98300.05,5.0,131759.34,Yes
49,Male,Quetta,Finance,Bachelor,19,17,40.1,No,56123.75,7.0,53369.95,No
20,Male,Quetta,Marketing,Bachelor,14,2,38.2,Yes,73556.8,5.5,74276.47,No
44,Female,Islamabad,Sales,Master,14,27,43.9,No,56140.26,3.3,77107.18,Yes
46,Female,Islamabad,Marketing,Bachelor,15,5,44.3,Yes,60371.85,6.7,68803.61,No
49,Female,Karachi,Finance,Diploma,19,20,49.0,Yes,85569.37,1.2,103104.98,Yes
67,Female,Karachi,Marketing,Bachelor,21,27,34.1,Yes,65156.72,7.5,94519.54,Yes
68,Other,Lahore,HR,Bachelor,19,39,43.2,Yes,65765.92,5.5,101854.54,Yes
36,Male,Quetta,Finance,Diploma,20,0,32.7,No,76450.15,6.5,85553.08,Yes
38,Male,Quetta,Marketing,PhD,15,35,38.5,Yes,47700.95,5.5,85100.03,Yes
22,Male,Lahore,Engineering,Bachelor,17,20,40.5,Yes,38215.81,5.7,60356.41,No
35,Female,Quetta,Marketing,Master,17,34,41.2,No,34103.82,6.2,70965.41,No
45,Male,Lahore,HR,PhD,20,12,40.9,No,15672.87,7.2,46207.76,No
59,Female,Karachi,Sales,Bachelor,18,9,46.4,Yes,96124.14,7.8,101385.43,Yes
39,Female,Karachi,Sales,Bachelor,17,9,35.2,No,32935.83,7.5,54468.93,No
38,Female,Karachi,Sales,PhD,20,12,41.5,No,50574.93,8.8,63340.06,No
23,Female,Lahore,Engineering,Master,11,36,33.9,No,49463.73,2.7,85178.99,Yes
18,Male,Lahore,HR,Bachelor,21,37,62.51249999999999,No,61148.13,4.6,93783.64,Yes
22,Male,Peshawar,Finance,Master,19,23,32.7,Yes,71314.74,5.5,99961.58,Yes
58,Female,Quetta,Sales,Bachelor,21,1,34.4,No,72209.47,4.6,77066.69,Yes
29,Male,Quetta,HR,PhD,20,21,47.1,No,43338.45,2.1,57508.31,No
43,Male,Peshawar,Marketing,Bachelor,10,16,36.6,Yes,51657.57,5.7,76779.57,Yes
63,Female,Peshawar,Engineering,PhD,19,35,47.1,No,60651.6,2.0,86709.18,Yes
51,Male,Karachi,HR,Master,11,13,41.2,No,50026.18,2.8,55415.57,No
66,Female,Peshawar,HR,Bachelor,11,9,36.8,No,87146.91,10.0,89435.03,Yes
31,Female,Lahore,Finance,Bachelor,21,34,34.0,No,64819.5,5.9,108963.79,Yes
43,Male,Islamabad,HR,Master,12,24,33.7,No,69697.56,3.6,82739.24,Yes
62,Female,Lahore,Finance,Diploma,19,2,36.9,No,68257.63,10.0,74923.08,No
44,Male,Peshawar,Engineering,Bachelor,16,37,38.6,No,78469.48,9.7,105516.72,Yes
26,Female,Quetta,Engineering,Bachelor,11,16,33.3,No,58620.43,5.0,66299.85,No
43,Male,Lahore,Marketing,Master,10,11,39.1,No,29063.36,3.3,32949.91,No
64,Female,Quetta,Finance,Master,15,23,31.2,No,62993.76,8.5,85220.23,Yes
39,Male,Lahore,Finance,Bachelor,18,28,46.0,No,41972.86,7.4,70589.47,No
64,Male,Quetta,Sales,Master,12,24,47.6,No,44427.67,7.2,61688.07,No
47,Male,Lahore,Sales,Master,15,35,34.4,No,66727.28,9.0,102620.57,Yes
60,Male,Quetta,Marketing,Bachelor,12,25,33.9,No,79765.66,7.2,104842.7,Yes
65,Male,Islamabad,Engineering,Bachelor,10,37,41.4,No,55425.43,3.6,87598.98,Yes
34,Female,Karachi,Sales,Bachelor,21,0,50.1,Yes,61176.66,7.2,73272.34,No
43,Female,Lahore,HR,Master,14,19,51.9,No,56123.75,3.8,100234.82,Yes
53,Male,Islamabad,Engineering,Master,19,27,28.8,Yes,59815.06,7.8,90085.43,Yes
18,Male,Karachi,HR,Master,20,15,48.1,Yes,104960.96125000001,6.6,119784.55,Yes
25,Female,Lahore,Finance,Bachelor,13,16,39.5,Yes,66310.19,1.7,71652.51,No
66,Female,Islamabad,Engineering,Bachelor,16,39,39.7,No,19784.74,5.6,58282.5,No
52,Male,Islamabad,Marketing,PhD,15,27,44.0,No,70066.83,4.1,94183.54,Yes
69,Female,Islamabad,Finance,Bachelor,19,11,36.2,No,62623.17,4.0,74209.88,No
32,Male,Peshawar,Finance,Master,16,26,48.8,No,80795.06,6.4,105304.93,Yes
64,Female,Quetta,HR,Master,14,29,51.4,No,68463.63,3.9,98546.78,Yes
39,Male,Karachi,Finance,Bachelor,13,33,51.7,No,52230.88,8.0,81285.69,Yes
31,Male,Quetta,Sales,Bachelor,16,36,25.2,No,30514.04,1.6,59956.79,No
43,Female,Quetta,Engineering,Bachelor,16,5,38.2,Yes,50819.53,6.9,58268.82,No
45,Male,Quetta,Sales,Bachelor,15,6,24.5,Yes,56123.75,8.3,49496.43,No
40,Female,Karachi,HR,Master,17,31,33.9,No,43389.53,7.1,77898.52,Yes
31,Male,Quetta,HR,Bachelor,13,31,20.8,No,66771.57,5.5,93577.73,Yes
41,Female,Peshawar,Engineering,Bachelor,19,24,43.6,No,88398.09,9.6,103897.33,Yes
19,Female,Lahore,Finance,Master,14,32,41.8,No,62893.43,3.7,92841.38,Yes
62,Male,Islamabad,Marketing,Bachelor,13,6,36.5,Yes,31082.34,1.2,44059.75,No
43,Female,Karachi,HR,Master,21,11,33.7,Yes,63892.05,4.9,78508.36,Yes
31,Female,Lahore,Engineering,Bachelor,10,15,42.5,No,78932.63,1.3,91670.6,Yes
68,Female,Lahore,Marketing,Bachelor,21,15,31.9,Yes,42804.34,9.6,69181.94,No
24,Female,Lahore,Finance,Bachelor,17,35,31.4,Yes,52319.66,2.9,82270.49,Yes
20,Female,Quetta,HR,Bachelor,10,12,30.4,Yes,55293.76,8.1,61993.58,No
64,Male,Quetta,Engineering,PhD,14,6,38.4,No,39302.03,8.0,49512.44,No
40,Male,Islamabad,Engineering,Master,15,35,35.3,Yes,67965.61,3.0,101452.11,Yes
63,Female,Quetta,Engineering,Bachelor,15,8,36.9,No,52581.04,6.6,61176.16,No
60,Female,Quetta,HR,Bachelor,14,31,44.2,No,63390.65,1.4,82829.47,Yes
64,Male,Quetta,Marketing,Bachelor,12,10,47.7,Yes,37250.16,5.4,51158.5,No
62,Female,Islamabad,Engineering,Bachelor,14,7,51.6,No,46250.83,1.1,42888.24,No
35,Female,Islamabad,Finance,Bachelor,21,32,40.5,Yes,69447.63,9.3,99470.56,Yes
55,Male,Peshawar,Engineering,Master,17,22,42.8,No,47543.34,9.8,76084.84,No
