feature_1,feature_2,cluster
-0.9868943876080406,0.6623464109520828,3
-0.5269440256778426,-1.5147997223357998,2
-0.56190745378104,-1.5504254712947965,2
1.4361479641504897,-0.28559422364655335,1
1.474155728128911,-0.3898288259152854,1
-0.6572864356783106,-1.519697993663734,2
1.5958807719183852,-0.052580780848577056,1
-0.49379492813709247,-1.5072695584591795,2
-0.6255321757217704,-1.3449019223808734,2
1.7530931105226204,-0.2803435998386653,1
1.5877766944837948,-0.21571597924753858,1
-0.6790753588137972,0.6939765134430782,3
0.20124845918545922,0.8776530471819963,0
-0.49341651795344194,-1.8131275524257309,2
-0.551548475344559,-1.730625990538113,2
-0.43733204287985894,-1.539941116123608,2
0.014355509092799548,0.9220330812787025,0
0.26746542934176043,0.9411583077100627,0
0.34890012592191766,0.9499552088213622,0
1.5857456349843317,-0.18495825869991556,1
1.516945992601522,-0.11263124445101085,1
-0.9639792863495759,0.6997945826805798,3
-1.0993981857865096,0.8280508302694999,3
-1.444492152592825,0.6066762671226611,3
1.4049875722893812,-0.2386275624227532,1
1.5341471844686798,0.024579122271269373,1
0.030247342167212095,1.0075591582283725,0
0.03458589299212098,1.0710121104203825,0
-0.6339073316756849,-1.3404565285135948,2
1.5743535334085317,-0.008058795702741997,1
-0.585002638843801,-1.3725831308120793,2
-0.9386445613351163,-1.323012573031218,2
-0.6728952217235522,-1.4320765950896819,2
0.26267933301749463,1.0208026714120495,0
-0.055610039152570734,1.0333614836096208,0
-0.9849404259373536,0.4872107061558892,3
-0.778582898928313,-1.4686438090021567,2
1.4179138941728948,0.1501404555682117,1
-0.9435317767031683,0.9228239526542866,3
-1.0324964683666853,0.9741025253538589,3
1.8816153756079346,0.06466294660051419,1
-0.7920711582408535,-1.6397568132884106,2
1.4307740638833362,-0.21901569391396167,1
-1.1044858853242325,0.6392524070150105,3
1.8753238461333186,0.029744356263150026,1
-0.5376845852596441,0.4638542349590185,3
0.039585766231311895,0.8956969357329111,0
1.5424438418988404,-0.030115745700610475,1
-1.3975588354860733,0.7220075759158009,3
1.5101954803267934,-0.4150088811446071,1
-0.7954301136413853,-1.3966341387281163,2
0.33453186527279816,1.0224484181938078,0
1.6012184432818666,-0.42164983007150186,1
-1.1878383798676253,0.7686007209220574,3
0.29876620691414296,0.7939803513587711,0
-1.4471213884624614,1.2042867063142881,3
-0.038736078944867705,1.0489806589524886,0
0.3265523948152157,0.9479000055495007,0
-0.020208702217462668,1.0828787615631503,0
-0.34991328656002174,-1.495697221556038,2
-0.7825486745866717,-1.511530620441415,2
0.03746555041563545,1.109425196804584,0
-0.6733285497905172,-1.7114562907403272,2
-0.9160017842198164,0.7347254240808968,3
1.3879204254775441,-0.1330194212691846,1
0.5712783645325615,1.0745609662351223,0
-0.8369861694416155,-1.6323492424871737,2
-0.7600637538371773,-1.3114206786768885,2
1.438655083150874,-0.4514790723678887,1
0.0625846089152607,1.0553108549865857,0
-0.9291689680951363,0.6278835522104173,3
0.07774717299354393,1.072794879151172,0
1.406957092372679,-0.211858763096171,1
-0.6817563571840934,-1.5684910802791427,2
1.710820328139091,-0.18414268306145373,1
-1.132638024106319,0.5515502556182743,3
1.6532804142319086,0.14464395607601355,1
0.17809569344759726,0.8359994306258529,0
1.624344579414311,0.08000357135125771,1
-0.02416656154462346,1.0538396461057304,0
-0.9047886306736621,-1.6731061129673295,2
0.1799371555297165,0.9257114021210473,0
-0.0397476268792583,0.9507015730280752,0
0.11302265830226722,1.40742477378416,0
1.7278121508639273,-0.3137822904450706,1
-0.9690458003710303,0.6989861034489913,3
-0.7742009393773196,-1.781105996674712,2
-0.4325403233075481,-1.5591583195608008,2
0.11532262729434278,0.7743330371390676,0
0.21237678458069148,0.9615404585685973,0
-0.02336416815605351,1.0471475816615323,0
0.43758959077027776,0.7443248034741997,0
1.6220338654846473,-0.26579382540276353,1
1.3324992108636569,-0.2725035538763392,1
-0.8885968010888755,0.4457706521888239,3
1.42506535693684,-0.11429485032281483,1
-1.0963116265935,0.45424598236254526,3
0.27503003459462666,1.322908318948513,0
1.2557546461098585,-0.2741021173412218,1
-0.8176744607387795,-1.7749521010098193,2
1.5590789512706316,-0.27052278376681854,1
-1.194825768742402,0.771314489328625,3
-1.065247480457704,0.403403664005045,3
-0.33505183535246724,1.1045539648051652,0
-0.8092179822291788,0.9463828916665223,3
1.2221948145374824,-0.028675391608996965,1
1.7938074347290944,-0.24106377823601743,1
0.31815394691547816,0.7770324631956634,0
-0.5741404233090865,-1.520961402276379,2
0.07573551768973187,1.1420835642343137,0
-0.7528461930687417,0.804301811324864,3
-0.4932719452426388,-1.6088658909768543,2
1.3178640747079955,-0.051727203760975886,1
1.6608489886075564,-0.33014211216240463,1
1.9888690652866912,-0.12938309614237475,1
1.569930119045269,-0.23999994430221464,1
-0.6999298922300132,-1.5174662432436603,2
-1.2127287352398157,0.7554069489711376,3
-0.5237413705478561,-1.5176877843782366,2
1.4583459993214005,-0.20926434913618452,1
0.21683671420319864,0.8740659135581978,0
-0.8115814712221564,-1.6073342840159266,2
-1.1692502842437364,0.680596887985614,3
1.5160193852172208,-0.041266211965622024,1
-1.0458380676088186,0.5629508234107268,3
-0.645382514154323,-1.7178065869333785,2
1.4304252793231162,0.01659667115586712,1
-1.0996216995818335,0.5836475309795277,3
-0.6588376199137486,-1.5560757712471673,2
1.3099381729766055,-0.08898654554568329,1
-0.08481006845700721,1.0802654858972427,0
-0.7087428650979903,-1.3247050152708781,2
1.5573541168091094,-0.36305635129646346,1
-0.9128296261427508,1.006783549545673,3
1.6801598987259354,-0.13830252365171145,1
-0.682234475680737,0.9498814478141427,3
0.30387495926302227,1.000760419690276,0
-0.6254298769200805,-1.3954863884655502,2
1.44087866809163,-0.19932929375186711,1
1.5141342027482694,-0.04233220657321924,1
0.051244363067609794,1.1089734692931363,0
0.06560843454333834,0.8044195611416847,0
-0.9350839643277667,0.7179477310068652,3
-1.1915564507803982,0.6545193763854993,3
-1.2747238885014598,0.7829040011740809,3
1.6813461571169999,-0.5027898876288918,1
1.4022770418369137,0.03970857107862973,1
0.15677155688327932,0.7869543613919614,0
0.026685956350135293,0.9393626383403068,0
0.13903839931350542,0.8209607303168163,0
0.18083397646195226,0.6562993025881887,0
-1.0087411283844985,0.9138793487932597,3
-0.5647093379749857,-1.6216842041454151,2
-0.7687072186400873,-1.4689971169916278,2
-0.1625618784525842,1.1894304197431953,0
1.5636928425964918,-0.16543119397563497,1
0.07103142994339948,0.9864815179603512,0
1.6174027716231238,-0.12050966295975772,1
1.5683726370608733,-0.027007995302992496,1
-1.0139874425239115,0.4214983196146153,3
-0.6069928454162343,-1.4952342445499665,2
-0.06499029920361946,0.9200483085255363,0
1.2138920267539282,-0.14232848348766391,1
-1.017486488631096,-1.4815015775359248,2
0.473955136082965,0.7452375599626607,0
-0.06327932574296627,1.0781723426580638,0
1.874882618907497,-0.3207338531280311,1
-0.355727044817474,-1.4014346524515415,2
-0.8885078319960716,0.8240031424372928,3
-0.43974523637410556,-1.667360526041342,2
1.5064721336245588,0.07977199784349776,1
0.32934177060640946,1.0026708423472432,0
-0.12490154113199525,1.1915048880010477,0
1.6359219057375254,0.026894539846308765,1
0.20410880789425848,0.7746592242229997,0
-0.9200313179791955,0.8807090129734669,3
-0.4047645992254109,-1.4725798240322208,2
-1.0471144577383371,0.6704497181513965,3
-0.6315947517159548,-1.611872142770085,2
-1.077875053293328,0.8845494521079101,3
1.6022043885434438,0.14944461160357372,1
1.2677525437249881,-0.29657255821385897,1
-0.025081755791118873,0.883064889398193,0
-0.5440239649353005,-1.814067557098483,2
0.15655955816310863,1.2230592401050204,0
-0.5747217062840257,-1.4453015605450956,2
1.667568246913361,-0.2971331219984095,1
-1.5020234007052882,0.8447055652769294,3
0.07358691552894814,1.1471618204081968,0
-0.5391527895176816,-1.640399098645853,2
1.5228596594677701,-0.3348190247150181,1
0.29468119801612774,0.9094031713603484,0
1.5709923239994177,0.10168413786509556,1
1.227383845899071,-0.05331085446750795,1
0.16185889121456074,1.2095453267431482,0
-0.8265520637059375,0.6954550892246264,3
-0.3394546527239882,-1.4929362414625074,2
-0.45729294361006945,-1.72847051128941,2
-0.6483085429669181,-1.5725390375828585,2
-1.1426426795093507,0.6892103239093734,3
0.07301358329944627,0.8691789047595977,0
-0.2708035498343572,-1.584823925046339,2
1.4390147037997096,-0.08980173324420315,1
0.0022664318217170253,0.7317226366731191,0
1.817970388010247,0.13653402172285234,1
1.3974755696019672,-0.05896076871175671,1
-0.5656309788020151,-1.7094468439681447,2
0.06244363838706148,0.8815458800100219,0
1.57500165884227,-0.15801604948576317,1
-0.9712135172096976,-1.4922739333500359,2
-0.3826020154710179,-1.4268982887713129,2
-0.9368572107969867,0.7046797029426912,3
-0.866916997622454,-1.8762868677267095,2
-0.8562210542387882,-1.7386312754534166,2
1.6488384183440452,0.17073013994152894,1
0.24781596775699194,1.0970122246154783,0
-0.6710464634391107,-1.470125546226746,2
0.16104570329929033,0.8302603452004018,0
-1.2756369896492397,0.6091266117335215,3
1.6563876751588678,-0.08721941351800057,1
-1.0512362099540813,0.7492155299100398,3
-1.1600301794681644,0.84125097385319,3
-0.3647662230429943,-1.6976859635571753,2
0.2313008192925142,0.8628638086220025,0
-1.072782899082797,0.6283323824547745,3
0.159853477288819,0.9273625519305736,0
1.4721991935398193,-0.30616346583441373,1
-0.7344675154306365,-1.6182767275996732,2
-0.8956600166220855,-1.4916153169385153,2
0.01633953480311367,0.9356336935970333,0
0.21971501580829517,1.0150700907479353,0
-0.9291488728351501,-1.8199979557523325,2
-0.03396867664441796,0.943049624073855,0
-1.2651139919998933,0.8931507466898128,3
-0.7010619486294849,-1.5600665696736573,2
-0.821039194735905,-1.3010290993752653,2
-1.0565228504028767,0.6842300552819887,3
-0.5634818036318382,-1.717052789308029,2
-0.37733022455776283,-1.481526399022471,2
1.6363873582118795,-0.19938901631095313,1
-0.44047628508663406,-1.5878458168276797,2
-1.4501923792353442,0.588913214489668,3
-0.5200441836513477,-1.650494593282294,2
1.5608062071609194,-0.3061010911631727,1
-1.1258987746415396,0.9080427769644388,3
0.749157598278581,1.1520479679035602,0
1.2799568577512932,-0.010798843795442367,1
0.18183001319067568,1.0683764413805772,0
1.5936881350457948,-0.21275819373264612,1
1.510972858116286,-0.343219638768722,1
1.3948559934865974,0.13734179135366686,1
1.514871965099718,-0.11117538452903976,1
-0.9776302554769817,0.734049482848518,3
1.5479179672413557,-0.2586631363300292,1
1.6825422202015579,-0.33024663154078737,1
-0.4785858626222358,-1.6413317035958532,2
0.15939905394105885,0.9921381271615047,0
-0.7402657448031809,-1.5950337259862102,2
-0.6609031739288559,-1.5434010785118641,2
1.4778212307489866,-0.20980362301855296,1
1.3852013729360606,-0.18949240300646653,1
1.2059272839801365,-0.0633067014988978,1
-1.1294593790592382,0.4492181622802184,3
1.5609348053530103,-0.03687806447149338,1
-1.133799720636907,0.5250186665830743,3
-0.8443419609159759,0.8834222289389242,3
-0.5287429715940071,-1.5754306569434635,2
1.5879467367412874,-0.21626020021162798,1
0.3877465288131629,0.9841910548598671,0
-1.0239720631548561,0.9393967855084938,3
1.6993486470686348,-0.17950186262669415,1
0.6037581674953837,0.6754939111926452,0
1.5168882296668795,0.13253294917941405,1
-0.5025962547145248,-1.4834655638419731,2
-0.1179249551598788,0.8585663575674014,0
-0.7247242518097249,0.630724745053419,3
1.6889945950673895,0.06629321132827548,1
-0.8599885186487647,0.976585514821064,3
-0.4786275545607478,-1.683299824572417,2
1.4240928107934587,0.017370231237151045,1
-0.9763929098188892,0.6565233590869619,3
-0.7952432260130085,-1.4042706343141675,2
-1.0167474527173919,1.0130135572399173,3
1.6418494201986762,-0.40053180530932975,1
-0.9325109843858461,-1.8250776444302148,2
0.55544962481255,1.253485213617629,0
0.23144767460478172,1.06289226636619,0
-0.21086448736325009,-1.5717453769009933,2
-0.07196407544322773,0.7627379007377655,0
-1.1632327185312368,0.8679865523727534,3
-1.026440327859577,0.44805938233354703,3
-0.22997174474757154,0.9591991838580082,0
-0.68033647796985,-1.510097774290754,2
-0.6298729296707531,-1.3949190093375667,2
-1.1540376873849512,-1.41348032119922,2
-0.029323519972822613,1.0235569502023776,0
-0.8982878000305589,-1.4668328504273247,2
-0.5306947755039199,-1.622038219639376,2
-0.6336928333176134,-1.7694633777425655,2
0.18233522442530722,0.8930882297449924,0
-0.2769236897828707,-1.7385704941683142,2
-1.0838816161721803,0.7622686457204931,3
-0.4345597372355225,-1.7555519564403514,2
-0.9800666658020161,0.9175255590980319,3
-0.04711338050892789,0.7825621411536273,0
-0.7171015986588299,-1.8287768922022443,2
-0.9739263352354439,0.8743988244801337,3
1.5159046982779825,-0.3782824452024246,1
-1.045816092368736,0.7483550834428957,3
-0.941644449444114,0.8065999717229151,3
-0.5044216365173125,-1.6555829572655805,2
-0.7567961735299806,0.6603969137500908,3
-1.222511940711914,0.7712407800247303,3
1.762462778800097,-0.2927362052898894,1
-0.33956487279995967,-1.6263146770032126,2
-1.059847303570565,0.6711586214194162,3
1.750912308566108,-0.393026863354891,1
0.1415836231769198,1.1709135305501939,0
-1.129321243139117,0.6867508299826058,3
-1.025107358290395,0.47110086565363773,3
-0.875954934174524,-1.613035588132677,2
-0.9584020314243636,-1.3611053607019372,2
-0.47329750582936486,-1.4680138137671424,2
1.5290140053748764,0.053978089551358244,1
-0.9229931044777568,1.0319309852279814,3
-0.67276729858977,-1.220750323625805,2
0.380806986516922,1.0933902484970501,0
-0.741987404620827,-1.5353621056890339,2
0.1744504274351081,0.7910560632770937,0
0.5692025132741364,0.6619603586669658,0
-0.7242501910398976,-1.3634734251844816,2
-0.22686253406837176,-1.499797875218652,2
-1.007222759012885,0.6450952731860441,3
-0.7914954023373484,0.926338111202825,3
-0.7731290942047617,-1.1543883455524073,2
0.024417621826018913,1.0079546345240697,0
-0.8301611792214877,0.684448057236614,3
1.5855945032155445,-0.3496172251233863,1
-1.2322950067840464,0.8855240651849198,3
1.4374901548152874,-0.5367334604708501,1
-1.0876075529332747,0.5691139778168428,3
-0.5475524901857616,-1.4965300649999163,2
-0.8022678198520661,-1.5714502518719822,2
1.248048775576328,-0.500822724107448,1
-0.009383136371343248,0.7480835834731407,0
1.4144012587596897,-0.23725252140745726,1
-0.8504233474804539,0.5966567326321759,3
-0.7334539616558765,0.6522283897022743,3
0.0740544708452783,1.0599845274518633,0
0.40646177748069284,0.8790324456061042,0
0.19632481501329074,1.0348962646927917,0
0.005652779072904185,0.8840408148071381,0
-0.04037016427391831,1.0503974715507827,0
1.360235597095832,-0.03826518355745192,1
0.3466658107334734,1.0392781078372708,0
-0.1285018147952217,1.1772733245283653,0
-0.9144572098033453,-1.3773408671482432,2
1.4767904762131852,-0.19351388163336813,1
0.019473935139717128,0.746496047268791,0
-1.1153273247565467,0.5564833286174525,3
1.3122490807126872,0.12957643394503507,1
-0.3872099589846228,-1.342356932572757,2
-0.7868107053486447,-1.2571661409520511,2
1.572256788603846,0.0067890731883262475,1
-1.076397886900501,0.8609294696784681,3
1.4387846321024194,0.0818888059581726,1
-0.895039247436886,0.8994137449959336,3
-1.17717339901172,0.40584678102158434,3
-0.836073168466894,0.7070553218747364,3
-0.8270651399137404,-1.2202910124225004,2
1.72648851416773,0.03656207044677306,1
1.0532948173779246,-0.27714612659602006,1
1.6439369131985686,0.21229137550818986,1
1.4776479704138177,-0.09382961982155193,1
-0.022065280121896,1.0989987254167768,0
1.4071988889442615,-0.3744350256437435,1
0.18184553527074104,1.1279669111413324,0
-0.38823164892398837,-1.5959500793709225,2
1.4046683095327162,-0.14583763704505037,1
-0.01298023035073573,0.9639210524430163,0
-0.7375688348171731,-1.6964491732073856,2
1.7865119410503114,-0.04649802648553917,1
-0.9305123094349921,0.7556362296720072,3
1.8185402663165762,-0.30928912656788,1
1.317865366025817,0.018031352162259356,1
-1.0751299404195607,1.2131193091311692,3
0.34420153313953644,0.881372700692785,0
-0.7111672653685464,1.0596617377181012,3
-0.6535176585253091,-1.7672552325873685,2
-1.2356519690420624,0.9994777987916993,3
-0.7571175583327651,-1.5072671004393912,2
0.5183543640031335,1.049019029475491,0
-1.2448901770659953,0.7418271567907465,3
-0.13165044473607393,0.9843577050814044,0
-0.9193978285322081,0.7835653812442231,3
-0.9895886185431815,0.6488982670274437,3
-0.5420151462318064,-1.3753230113692274,2
1.3731509458473408,-0.07477713330531031,1
1.2910254220723807,-0.036240709488040576,1
1.5729593673168512,-0.29428533984264976,1
0.2128205431190414,1.0981592095317672,0
-1.4541600480636696,0.8388622052865039,3
0.2110340307357674,1.0286946401967194,0
1.631947881191637,-0.07856803851254664,1
1.4108373607565734,-0.2878512994107492,1
-1.002632280989068,0.8869215407613501,3
1.414873672741977,-0.058644201050533556,1
0.4044157906601008,0.8605088529328075,0
0.24193928218924213,0.8834754429596132,0
-1.2307430479091728,0.7518062950960572,3
1.5392002625719743,0.019998223600362297,1
0.463833695600707,1.0958635634652265,0
-1.3610798464236809,0.5750774495175656,3
-0.701038020947952,-1.289447007312731,2
-1.08096141142255,0.5461492993702804,3
-0.6729955090697989,-1.3754418512353779,2
-0.565718481026419,-1.391432345349566,2
-0.08780924046368084,1.265629923051889,0
-1.3416264386848482,0.8464594989827018,3
1.6582005721359676,-0.23974277085561185,1
0.31977931049030217,1.2760540786723742,0
1.681523141879486,-0.28658973668927934,1
0.5222377952025946,1.0012725044590631,0
-0.16070646491055635,0.9645556925952349,0
0.22839757469421976,1.272763790015732,0
-0.9821830907772046,0.641167005330976,3
-1.1436656900683675,-1.1970294868135767,2
-1.3380791068708862,0.6192440085475174,3
1.647251077442291,-0.16582412910842628,1
-0.7293272979617506,-1.231204500129531,2
-0.07651756758881757,1.1198644133380526,0
0.12196014989936975,1.1487296116286443,0
-0.9006017042271306,0.6587688598560129,3
-0.10590992202353025,0.9063039122218485,0
-0.8594502706559678,0.74946603977895,3
-0.6597981563725364,-1.5860065784611646,2
-1.0444869209136514,0.6552823100406696,3
-0.799059781788609,-1.2031732894621932,2
-0.8174668611611633,-1.4591182758886931,2
0.17622353468151375,0.7460980504195392,0
-0.9430756316964609,0.6186619397087122,3
-0.9592063949914125,0.8142408842384391,3
-0.9899691898553848,0.7848227325331278,3
1.6796484084678522,-0.0690642934511478,1
0.2321799140319624,0.8704887371889051,0
0.18626296226385203,1.0554977534656205,0
1.3651827262179652,-0.07478555773063572,1
1.2422321408717283,0.03248688478990152,1
-0.6223284118351551,-1.1474504465832427,2
-1.3781258783468235,0.904996168118629,3
-1.2482493829712245,0.9287710393617085,3
-0.8659014832919998,0.5970518012249654,3
1.826661646749141,-0.23156559413727915,1
-0.06174870270117433,0.6480563646390647,0
-1.251161394823009,0.6693641038766116,3
0.20311372993895258,0.6607505893770446,0
-0.6448655574299068,-1.4758683492611604,2
-0.7005126352630909,-1.6348653255714252,2
1.3378773328127385,0.01810936367042749,1
0.1643486266480481,0.935989727950206,0
2.010621754542666,-0.1653269731646425,1
1.4042595439075356,0.13917792703683615,1
0.5730360384161584,0.8509871382243028,0
0.45849489500314,0.9918744289986197,0
1.5172423983733152,0.136323444461784,1
1.824071382207878,-0.23342346479024545,1
-0.7370909469125805,-1.7411969515968555,2
-0.25768839517436276,-1.6591947960869493,2
1.7897837031864319,-0.0024740414630221815,1
0.01894465318488489,0.9974139129489775,0
-1.2483573264013463,0.6381090907618706,3
1.5443583114319346,-0.03420352828475535,1
1.4934827974084433,-0.21810990269039524,1
-1.1326984366489503,0.7270760295946126,3
-1.2309174751746468,0.6231175547578792,3
-0.6661639722166972,-1.7718573299954885,2
-0.6483802227227317,0.5333288164315318,3
-0.14226358825957008,1.0058812734823497,0
1.5552139434811232,-0.07142928439366869,1
0.1215814061342963,1.030396152431513,0
-0.7340432729184587,0.9134512597163587,3
1.5887513263918234,-0.07712495188824375,1
-0.9058132678475582,0.6341726292680134,3
-0.7174184940586799,-1.5938800889526168,2
1.6588109261795871,-0.07911773220446644,1
0.14268325699841622,1.0375120024261404,0
1.6438657325167623,0.005171776519484089,1
-0.7905681628178122,-1.4145141786683249,2
0.36474952557074797,0.6928093227081,0
1.278119630722039,-0.3566319268231345,1
0.21601840133076697,1.1053965141894346,0
-0.8468497584431837,-1.585541574988728,2
0.271992263684017,1.1545993085807555,0
-0.9082988693015573,0.8560751570214287,3
0.00694170415599095,1.0122989950448542,0
-0.8896769383168441,0.503531582953708,3
-0.41748882009736227,-1.5310249632016322,2
-0.623653990576511,-1.8107973132887263,2
-0.9740819869163115,0.7817054373704613,3
-1.4903590937391944,0.5425512309183586,3
-0.9431696778457829,0.6622440262992411,3
-0.10271298406149804,1.0632408396177153,0
-1.0755897042236335,0.923018265964678,3
0.20998261164391022,0.8925349824122873,0
1.4596593305991115,0.11629396542581895,1
-0.5921782300350339,-1.4592913082789214,2
1.4780832829150405,-0.29480340862799315,1
1.279933084280577,0.1299790995740315,1
-0.14246086954933063,1.002876959068658,0
1.7193502125790185,-0.07459697996178632,1
1.6892835558159973,-0.20201795698699404,1
-0.7720610430583612,-1.5000394093165164,2
-0.376895978464069,-1.3680972555167692,2
0.2060111481923686,0.9754275303218882,0
-0.7102289236396258,-1.6067181326918472,2
1.4898794376877875,-0.2773698156970563,1
-0.8563451515349533,0.77181441402146,3
0.20941101948193555,0.6681521523545073,0
0.17779817753134583,0.8653764030775487,0
-0.240712501016794,0.8895335289160016,0
0.009553336914173129,0.8933624361947001,0
1.5270493163610162,0.11747716347082504,1
1.7520856857297298,-0.21510943033594349,1
1.840414985751085,0.011843510008589448,1
-0.834212599577728,0.7192883559085361,3
1.6333376871017216,-0.1823966406856686,1
1.5079151488020264,0.028265444190098802,1
-0.33785255952716686,-1.530975314241474,2
1.4765175855898056,-0.25881193230887906,1
0.027283464026708545,1.0818490639291423,0
0.318029309148786,1.073876462612643,0
1.1733039364844653,-0.3541585944859255,1
0.233124016514892,0.8234594072009651,0
-1.3396640125586459,0.523877869499185,3
1.5418328227625147,-0.2237570943530226,1
0.14870652976468518,1.027849619360551,0
0.07965374598182891,0.9942782189577549,0
1.8213986150068262,-0.1604910325873681,1
1.7198617978478679,-0.3870235033759858,1
-0.8145918491666625,0.8166657823397865,3
-0.9281933123530911,-1.5984138257756695,2
-1.1291893639702506,0.7357502953041564,3
-1.0103782197787359,0.5396881737822878,3
0.29394227356098496,0.7161075722934374,0
-1.5221997456959784,0.6580226921715909,3
1.1676118552886279,-0.2060849105391082,1
0.3694349641199369,1.1415538263101963,0
1.6188485970734352,-0.3059706527846123,1
-1.1592562358280043,0.7347048835363594,3
-0.8084806990610902,0.7965294350018545,3
-1.2583952985251328,0.7209758579949275,3
-0.007554869905765133,1.0519047132722181,0
0.10339323978218407,1.0945128810204465,0
0.33753836901656303,1.0258710458877671,0
1.330984070266128,-0.4140349385995352,1
1.3598445054898511,-0.211356812373993,1
-1.0669428705164028,0.8556873419744679,3
-0.559880032328873,-1.302739517808532,2
0.31387594330899443,0.8283244966548176,0
0.1720461596103108,0.8694547505083965,0
1.472386834537106,-0.3265480827635195,1
0.1166886868012179,0.8531588538037554,0
0.25341301633964997,0.9617984534275823,0
-0.22192392196522343,1.0031674151274528,0
-0.7754862872845363,-1.5331068359481577,2
-1.0448574843152991,0.5844364682388226,3
1.2670419468408325,-0.03141178514506043,1
1.7988442570663965,-0.11863993731510154,1
1.561232291134764,-0.17303338001205276,1
-0.45330144180177145,0.8099760737365442,0
1.53489022920818,-0.25322006479554937,1
-0.6531726637512454,-1.8813676327494084,2
-0.5813973245222881,-1.2171234069158605,2
-0.8907570599201036,-1.8500604480870013,2
1.3995280070344644,-0.14243797957325094,1
-0.9081910011600323,0.6503937066600257,3
-1.2429211018721154,0.7719919523294814,3
-1.0783374069737248,0.679519181083,3
1.389538016917865,-0.37472224971736123,1
0.41175359792160043,0.9767695861804884,0
-1.083882606835993,0.5505752972400161,3
-1.1541215387913737,0.9229483305093467,3
-0.9028368767318415,0.7860119100640435,3
0.07375692254149877,1.010442253470282,0
-1.2078354364172175,0.571725231985699,3
1.4138096849089787,-0.02947688616964605,1
-1.263378276318121,0.2453820101873091,3
-0.5514069104836398,-1.7257400530906801,2
-0.4782541875939376,-2.024653377050146,2
-0.8175957828322813,0.7626318937072682,3
-1.2580077251548862,0.6727564139981798,3
-1.3083553979761642,0.6903954242343433,3
-1.1982478832850079,0.7173993855744036,3
0.16584946492557576,1.2053315685176098,0
-0.5942034352493685,-1.1647910497371192,2
-0.7848384339029291,-1.6108116411116364,2
0.5800033785844649,0.8444533994779156,0
-0.6480851034997125,-1.7753976544601195,2
0.4445569842049935,0.8907277386169277,0
1.4184801939019698,-0.049015437168617906,1
1.3329788051389009,-0.1948503982376927,1
1.1274412495044317,0.12067122877833657,1
1.645828248225659,0.06206744416879587,1
0.44222722194911535,0.937395507305589,0
-0.6620445945639596,-1.6827609852008245,2
-0.6277528642252296,0.6755922214778803,3
-0.8780580164644463,-1.9060486002007948,2
-0.0032176679577091134,0.7527909786733069,0
-0.8594524754684087,0.7855184392812758,3
0.4531623618351509,1.059402165423974,0
1.5400194753254797,-0.17483899328393562,1
-1.1451915136255302,0.7184685413530597,3
-0.12569661119685652,0.8961582479859537,0
-0.9244352576256002,-1.7175744554489922,2
-0.7926309581043619,0.4384023555857402,3
-0.4036354689929174,-1.4735528973501322,2
-1.0835728444682193,0.5999463008854509,3
1.3352647916469647,-0.1700699562706135,1
0.14137273409287177,0.9253769276470084,0
-0.9485678657605839,0.5686177639242462,3
-0.8016932085976013,-1.6683188927039643,2
1.4543649223523833,-0.1590862417375767,1
0.46512821147020267,0.7759233933918243,0
1.019176734546328,0.024150780381500078,1
-0.9577331691321179,0.8478789509418396,3
-0.7376390061264777,-1.5330862534119123,2
-0.3573601490809587,-1.7454530605718943,2
-0.9793237532794211,0.6633917063977993,3
-0.47358138868123567,-1.1732866925957866,2
1.5941585603370099,-0.24636708498562832,1
-0.5549768422746005,-1.426388711346358,2
-0.28507051696057734,-1.5407678440708028,2
-0.9002275458360792,0.8018376699030002,3
0.13268984595299582,1.0378852142818433,0
1.760622805965626,-0.48081248918795355,1
-0.7295260772142025,-1.6025729461288902,2
0.38371566275359287,1.0997291654104073,0
-0.7916639187788971,-1.757833419270246,2
-1.0174531699545302,0.9628744922999233,3
1.5631915774735334,-0.47576183645872544,1
-1.1571861767550842,0.6977457547260538,3
-0.7009773742963721,-1.4215631830745934,2
0.07842268788083408,1.1100578908084864,0
-0.3477528484860232,-1.6357677814830325,2
-1.0278821277598789,0.8397161232252413,3
0.15145054777547914,1.1258125433292296,0
1.185129231760848,0.08869523563646066,1
-0.8564183574302497,-1.412451011963172,2
-1.086250939059192,0.6451277302599876,3
-1.061207280933703,0.7750888146450026,3
-0.644308672201047,-1.631064414732777,2
-0.789701255322359,-1.7736528496709774,2
-1.091882301119801,0.5614641928502875,3
-1.1755722722063298,0.46214000613853595,3
1.464987785792164,-0.11503478900108138,1
-1.2340604594653848,0.7134961186239921,3
1.5985927655485668,-0.2171690945548957,1
0.4992676252482069,1.0380337332196607,0
-0.8567540131274748,-1.9061282993425182,2
0.31987153847952093,0.7786312730038687,0
1.4022099079639163,-0.23472172175758796,1
-1.0576039486323074,0.644619301380524,3
0.33958848124571067,1.278068198991277,0
-1.0038090071536863,0.6473069001491364,3
1.5270522756110485,-0.09454340281394634,1
-0.671869890704427,-1.4744017661242592,2
-0.16480374674253717,0.883704721857943,0
0.4843680219679847,1.114085117816214,0
-1.101494763149939,0.576648105428421,3
0.007702681610864384,1.3072613916075464,0
-0.5466100771851764,-1.7449200827835751,2
-0.6966829242931687,-1.5425163466356282,2
-0.9839520399143113,0.5837058239036247,3
0.4732329625124892,0.7532214914493766,0
-1.0657648787777516,0.715916835393449,3
-1.1238181116690067,0.6861666411375756,3
-1.0368360144334174,0.587501246285397,3
1.8095786954639699,-0.010016250955338098,1
-1.1573133231130155,0.7613333592574244,3
0.20665183318244895,1.1819746507203488,0
1.5560535959833113,-0.17935526692853362,1
-0.4227478020347771,-1.4551453035159057,2
1.4172056927313499,-0.08981587235327948,1
1.7150003755660144,-0.242044312500915,1
1.4237508703260116,-0.07192017615223198,1
1.3763254501236157,-0.3485867038842373,1
-0.7290822944898392,-1.494876021344894,2
1.575215130542296,-0.3537073211945039,1
0.35953170542857105,1.1220052993938197,0
0.0037078638526780606,0.9240831776172753,0
-1.0595493700870262,0.7066625026051708,3
1.4208514491835367,-0.2741799843815616,1
0.16437340644120005,0.9809142093198332,0
1.4815048594668088,-0.14571082750523318,1
0.12086015738383217,1.087338064744639,0
-0.8767087978600481,-1.7923141370476128,2
-0.44957172345001156,-1.8401257251636387,2
-0.9925161723288618,0.7782760495542138,3
1.578677069703976,0.18113228436361456,1
-1.0192415776037003,0.4741759799450233,3
0.12377881759861523,0.894759484273679,0
-0.35042087267005145,-1.4995818922256505,2
1.2611184897497354,-0.26662129434284126,1
-0.8940837966282023,-1.5131199461171827,2
-0.6525649475434582,-1.578330193376205,2
-1.1637421301748412,0.9869080846789954,3
1.6052833946135243,-0.11686366756204775,1
-0.9793069266544533,0.6801048454153661,3
-0.934990580411917,-1.2834050788043483,2
-0.9013454219052611,-1.7961950611464557,2
-1.2172285803247074,0.741687089724333,3
-0.8552529886789196,0.7836052203915654,3
0.5671330427046529,1.1381495146682465,0
0.38380788187652737,0.8424775115972766,0
-0.8898245707735624,0.42467456884137145,3
-0.8572213977968911,0.9614232724256898,3
0.143012363179654,0.808244195857167,0
-0.7033861094551955,-1.5832652803559766,2
-1.0002298106339074,0.583677378845452,3
1.3395700795515877,-0.15761290285022345,1
0.387773723662379,0.8985608377636592,0
-0.3489375620121639,-1.6508779191973268,2
-0.6692886812136647,-1.4287699792648425,2
-1.0663455034091947,0.8330204911022682,3
0.11211893235201323,1.0879031572333888,0
0.08877401916036055,0.739912765297319,0
-1.090030217949175,0.9587211679005578,3
-0.2732985619218688,-1.6725130004076707,2
-1.0606644889076995,0.6767193057100962,3
0.06248997178415587,0.8469145497209676,0
1.4750336042389667,0.08996345696149541,1
-1.130943933144334,0.7013491439904347,3
1.4386074841386738,-0.11903319660883929,1
1.6150609482772222,-0.11427952181347138,1
-0.6051810148502683,-1.4295616426805204,2
0.5371805159974745,0.9790447407160119,0
-0.6172601021299267,-1.5112249406703442,2
-0.9340727462473091,0.6565107692348644,3
1.3478925176848222,-0.36566345803121164,1
-0.639515234400477,-1.5043222438500299,2
-0.5920897925495188,-1.666477029342829,2
-1.0274641969301557,0.8890341513238951,3
-1.2678911964279247,0.8503072143915219,3
-0.6427264097773795,-1.5868789783023896,2
-0.4629059333206267,-1.5686963003539791,2
0.12677752900204306,1.021530650946778,0
0.23213417228009942,1.2188140458781904,0
-0.6398484614642976,-1.6163347124157905,2
-0.4978159281965222,-1.4612097744681647,2
-0.691144999921002,-1.4956153024358845,2
1.6822054715422,-0.07673774334230035,1
0.3846770135754754,0.9750510947258468,0
-1.1652353463436769,0.41157526427623564,3
-1.1224703872122954,0.5931783925131884,3
-0.3747348144407049,-1.2424776085545841,2
-0.6936314857672342,-1.560208706355199,2
-1.2412637432911693,0.5332857364267273,3
-0.4425438852973489,-1.4478423304160257,2
-0.7524716565862404,-1.7037236005621132,2
-0.5806202401019176,-1.6706825569941601,2
-1.2311132682673014,0.5955199680739851,3
-1.0047227566154795,0.8633731720027974,3
-0.8048164043542071,-1.419765927736774,2
0.3448822622188575,1.0773486821201097,0
1.6072613611990596,-0.23010387305367586,1
-0.7833568709404183,-1.2712101032372192,2
0.2931227904732317,0.9239149498573238,0
0.25945364356291095,1.1115507160511635,0
0.142004435079676,0.9381624224262239,0
-1.162839219782018,0.7725688014733524,3
1.4140253432285657,-0.13053367877679417,1
-0.6253855644527402,-1.4137561979645077,2
1.9609289375293733,-0.20789184057628016,1
-0.11213394754699672,0.7488557998443021,0
-0.47211392417898335,-1.5244531185335577,2
-1.2187669246691386,0.8769248203004989,3
0.18195941407239416,0.850083723820439,0
-0.08932233262315958,1.0048278523437755,0
-0.6849300115007064,-1.1509563899816337,2
-0.826920694528269,0.8548340483424747,3
1.509383512705495,-0.050971490788588376,1
-0.7778193840503814,-1.9759562492321108,2
0.18497333872349767,1.0790621704628782,0
1.7020611154681298,-0.23233607536112272,1
-1.1553678747939118,0.778448537901577,3
0.2613677170072766,1.588126502438333,0
-0.9495084674069219,-1.5332969226555528,2
-1.1636920674382292,0.5761429422790457,3
-0.45779843712763635,-1.373160063203355,2
-0.9902322976549682,-1.5782424359799703,2
-1.4010676119183436,0.7376862983258504,3
0.029804500223806922,0.9211394937278014,0
-0.9225331311355265,0.6446832325812522,3
-0.5660583266992161,-1.7059039110448408,2
0.17483503245788876,1.366431742470849,0
0.012592302902806747,0.9551120550381184,0
0.09817155596849071,0.845414060097173,0
-1.4173698999165172,0.8229850341857261,3
-0.7728336249717253,-1.6697105705212103,2
-0.8508555033923721,0.634789463610859,3
-1.0833083858909016,0.6479210921383991,3
1.5327767016613147,-0.28257962205166004,1
-1.0660268221159255,0.5481676581144502,3
1.545277800803677,-0.1260196634435042,1
-0.011552108297342855,1.2207123608299013,0
2.0043142984023157,-0.23470127014691997,1
1.6730498746108438,-0.08211821297926802,1
-0.8750208629337254,0.4889022882980461,3
0.30555437181990663,1.0708037327599518,0
1.5261952313853777,-0.15384968426523407,1
0.07220899596985941,0.9437962762608236,0
0.07520680544677505,0.8991106351643945,0
1.7457250052606663,-0.10940733432529519,1
-0.8727734436240656,0.6912360001221005,3
1.6450424252089488,-0.41509809083316446,1
-1.3838540169346238,0.45090416011040196,3
-0.6944760064773936,-1.7578905337539084,2
-1.0718169866366307,0.5848048775423482,3
-0.8238025626200912,-1.5630906249891234,2
0.22252841643711582,1.2088133180863543,0
-0.6616489873562438,-1.6854024136111365,2
-0.7940285359355361,0.7000063939930328,3
-0.814882434069039,1.1168231244549256,3
1.5488436219591386,-0.26170564414135045,1
0.006318266356076952,0.9221408859946841,0
1.517313498310945,-0.23670459529198076,1
-0.7014211429619541,-1.6831323070812578,2
-0.5213117522996652,-2.017040747186514,2
-1.3834579106972233,0.6170707415145493,3
-0.09873693223965109,0.8237872445488506,0
1.5289328704389602,-0.14525286748722313,1
-0.9379891349584654,-1.8434914639708937,2
0.28616371777737193,1.1917852658220907,0
-0.9709128178968823,0.9969395156618499,3
1.5054143296890674,-0.10548226481363444,1
0.2730703518408877,1.0230787467132405,0
0.05803951511692174,0.7822954881826994,0
-1.0460271167179005,0.9864199702034964,3
-0.6573555374007807,-1.4780390877725782,2
1.8655693982645245,-0.04775322032843973,1
1.6480434029663271,-0.15886910002248616,1
1.5163847665549588,0.0260326921158357,1
-0.7044125025075167,-1.5278605405253967,2
-0.5954673484281953,-1.4939385459697254,2
1.5768113554313303,-0.32957367512615965,1
-0.4684477921696845,-1.6479496703908698,2
-1.0087042762195577,0.7741672025802796,3
-0.684382209292119,0.8759780351626502,3
1.5371611240033434,-0.2262113368197068,1
-0.4615332724284124,-1.4868135321331266,2
-0.6093756757842018,-1.2909617127207444,2
-0.8313257552475178,1.016111795933774,3
-0.6096470436497592,-1.4324003383923145,2
-0.7962706519220746,-1.518038360224964,2
-1.2447752585890859,0.23754991556819235,3
1.5779332623074807,-0.09663749940028304,1
-1.1820531878238467,0.49304378692846046,3
-0.9520501273659205,0.6979683789314965,3
-0.7871519789717207,-1.4994012796398146,2
-0.9642858726389174,-1.6308585329720482,2
0.26136535417406875,1.05539358514686,0
-1.2256576967786088,0.483535226215086,3
0.47634409403824657,0.9336843869825329,0
-0.5605408810113168,-1.8434841161853432,2
-1.2679460239724605,0.7264617705093683,3
0.15975776380993623,0.8134635889933455,0
-0.8398688791900032,0.739273068443915,3
-0.7079019980399373,-1.698253823332568,2
-0.7902004449583985,0.684817041342828,3
0.23644729240483076,0.9682019093438576,0
-1.0443516760875204,0.641666418969257,3
-0.867316879827151,-1.476928611400439,2
1.565807808961414,-0.2263854351330694,1
1.578561732805027,0.24174569717329528,1
-0.42046688672562,-1.313411170852026,2
-0.7247474922911186,-1.3430564915211296,2
-1.047457889958533,-1.5028710347518843,2
-0.1399769412085083,0.8777873660683745,0
0.22477555322312176,0.8414326702945822,0
-0.005861527302550706,0.8432548505889184,0
0.13449741471327256,1.0672851397523078,0
-1.055944600150236,0.7758315050181485,3
-0.7999810834415254,0.5654557465250996,3
-0.48474788365819854,-1.209860529475368,2
1.646353630842616,0.1951494874064793,1
1.562152809046509,-0.3918393569794268,1
-0.5651160005443329,-1.4414280752618094,2
0.17665615870567578,0.9119411330718235,0
-0.681546601235237,-1.4849302832233915,2
-0.7788031157951837,-1.7244579256920594,2
-0.48134485780630487,-1.6143794777078078,2
-0.4605031098168084,-1.4653634806433364,2
-0.6627719494957973,-1.5640071733747738,2
-0.6375831494968865,-1.5620662298013144,2
0.22505100732932895,0.9526539107711566,0
-0.8808574605759294,0.790887043197567,3
-1.3270773434671452,0.8249228969482126,3
2.0131474805242116,-0.14055212172115678,1
1.6300497085681516,0.022439413567288083,1
-0.7758644568798839,0.6637597891295969,3
-1.0361842381215167,0.9289765693932847,3
0.28241399769660036,0.8366578419585383,0
1.4548683539702978,0.03497201671220317,1
0.11600831784821558,1.128433751768906,0
1.6146748374580278,-0.09676429233342905,1
-1.1906743823059456,0.6045980146479174,3
-0.0047852387847852436,0.9979454291172398,0
-1.3480840087050967,0.8894906357079283,3
0.32041785245176585,1.1032148722082908,0
-1.1427635426761524,0.832581649411503,3
0.04036005652615815,0.8008560667797174,0
1.6346421073308905,-0.20732599692844975,1
-0.8550597736106982,-1.5983927248210859,2
-0.6105548090377497,-1.68289787692572,2
-0.7154491292836384,-1.3060982385797129,2
-1.5551038798298888,0.8118108728716144,3
0.2191351466178005,0.8594427391082702,0
-0.5334102679352166,-1.4099091805305402,2
1.4198698305820285,-0.08631783268296081,1
-1.1116075187291234,0.8773662193824069,3
-0.9628208875640544,0.6651620626801238,3
-0.9278632421896507,0.23451235484977515,3
-0.689295294591569,-1.7067718155172493,2
0.049099406603934984,0.9268782962125618,0
1.329247310748608,-0.03698134363392114,1
-0.8669753583707619,0.5755068203959699,3
1.233301632670696,-0.2603952904438718,1
0.43026865556145744,0.7497513149644549,0
0.226601165107342,0.8539964384542983,0
1.3783288754504301,-0.4379716825207989,1
-0.4154340186951208,-1.4738050356959003,2
0.31796532604417393,1.18980818195091,0
0.22875189487804962,0.6921231456251742,0
-0.9430170810974983,0.7323075186572844,3
1.4251267815446675,0.07486264189694919,1
-0.6461812676898225,0.5569660657329291,3
-0.7287757370113968,0.8220623868241244,3
1.443601148548249,-0.19495958170329078,1
0.26218560361228405,1.2179687986734191,0
0.1608077947653119,0.8046593017146284,0
-1.0173514787810327,0.791645200053495,3
-0.02802715133303518,0.7796930924708644,0
-0.6558668652353795,-1.8777403758939177,2
-0.36111208784115745,-1.4901902637281024,2
-0.4418273098984106,-1.7584185811789161,2
1.6392022739063776,-0.12022677868859177,1
1.6834842709178117,-0.2541274648899309,1
0.05980255668148544,0.9911162343699069,0
0.03399557530409702,1.0104747636005558,0
1.4917495120280955,-0.12659214528086002,1
-0.5296962659243971,-1.5542641953641296,2
0.22503533328287031,0.911978039898644,0
0.16803900824950949,1.0528746443940482,0
1.701565414713149,0.05287770169336612,1
0.1496752453193213,1.1335333201900586,0
-0.5248043362949748,-1.5017379313224524,2
1.1357754790109091,-0.310841922389917,1
1.201540057364091,0.09404116091764632,1
-1.1805541429824864,0.5743782368460738,3
-0.2016859126511985,0.9691880752684944,0
1.4879912375604034,-0.22016013432400292,1
-0.6770606591202069,-1.486439768289538,2
-1.0280466616442108,0.7859737662419396,3
1.5204204833934112,0.03960912954321073,1
-0.4874733266261176,-1.7994695454229535,2
0.11104495180082428,0.606144009763524,0
-0.9060486919903417,0.7408649458576563,3
1.0104406873054608,-0.1586633101260505,1
-1.1219101479821554,0.8868909643237812,3
-0.7145864059046617,-1.4087309182818106,2
0.2802259069280599,1.0942796952094587,0
-0.4404648724613017,-1.6598438475698762,2
-0.6359113819157729,-1.7881121339265125,2
0.22640128369929738,1.129067836523692,0
-0.554473471198738,-1.4506792422307502,2
-1.0712587374932125,0.8107681667028517,3
-0.8080741314343179,-1.3653320212756683,2
-1.2131150428128785,0.5993457886391691,3
0.44921126819481644,0.9852403115532453,0
-0.7340542374389194,0.8467468510601472,3
1.264821498667034,-0.030934811165351697,1
1.7209453944368762,-0.23137424790705957,1
1.55814658992199,-0.11039659304806211,1
-0.5686599828698957,-1.6540867758969777,2
-0.9858658987019842,0.7451896952325593,3
0.17560554123615035,0.8014628761721495,0
0.4394674983295876,1.126471251534447,0
0.04889622579134992,1.2689516872149023,0
1.2854296256024351,0.08035394323880826,1
1.5599032068793641,-0.14259148752115272,1
1.4796079189396207,-0.038919904419361016,1
0.0036119131129097285,0.8777845543781182,0
1.5821068347639864,-0.4228599925055047,1
-0.8707800862391537,-1.6112512076417769,2
1.7422035694259261,-0.2621931705503614,1
-0.27591599818129225,-1.36975588980474,2
0.28211956752633544,1.0736717052893132,0
1.342914293616329,0.26999933873252735,1
-0.7840982423206244,-1.5923837302477242,2
-1.1477491751538613,0.6702734113977313,3
