date,year,month,day_of_week,day_of_year,quarter,is_weekend,temperature,humidity,promotion,target
2020-01-01,2020,1,2,1,1,0,1.3325761938520067,-0.30927069449790423,0,102.48357076505616
2020-01-02,2020,1,3,2,1,0,0.8564047482572408,-1.484765326295782,0,99.75304571736088
2020-01-03,2020,1,4,3,1,0,-0.011240087491034566,-0.5101370131865554,1,104.12707512315858
2020-01-04,2020,1,5,4,1,1,-0.7199649299727856,-1.3297258305582669,0,108.9478429268055
2020-01-05,2020,1,6,5,1,1,0.6293029733488085,1.0731077750376625,0,100.60568206283011
2020-01-06,2020,1,0,6,1,0,0.3236344450543481,1.5536930840825973,0,101.04911169050354
2020-01-07,2020,1,1,7,1,0,0.8268743809157929,-1.463031277800817,0,110.55869862708626
2020-01-08,2020,1,2,8,1,0,0.5660589164858038,1.579288796933783,0,106.94203524445231
2020-01-09,2020,1,3,9,1,0,0.9817052548868107,0.0886648955519281,0,101.19900431339133
2020-01-10,2020,1,4,10,1,0,-0.6079222527309951,-0.679880162782185,0,106.69987753211636
2020-01-11,2020,1,5,11,1,1,1.2503645315740384,-1.4473661327509366,0,102.10977542056824
2020-01-12,2020,1,6,12,1,1,0.12715047384463934,0.01301229697499954,0,102.53698653011472
2020-01-13,2020,1,0,13,1,0,2.010545690875972,1.0258267671352854,0,106.51310255640377
2020-01-14,2020,1,1,14,1,0,-0.7623449953939663,0.7245268256205563,1,96.17333033809562
2020-01-15,2020,1,2,15,1,0,1.670212485581038,-1.5391599116806478,0,97.55026755895524
2020-01-16,2020,1,3,16,1,0,0.12746260288385236,-1.4610139971355036,0,103.79712975762038
2020-01-17,2020,1,4,17,1,0,-0.7244598405231335,-0.32385926222777933,0,101.9766091506116
2020-01-18,2020,1,5,18,1,1,-0.5564160659418992,-0.6946133939800035,1,109.04258702229026
2020-01-19,2020,1,6,19,1,1,-0.3923781307374467,-0.9114020003619302,0,103.36010591732152
2020-01-20,2020,1,0,20,1,0,0.35440869746756354,-0.7438460992643804,0,101.26577662907273
2020-01-21,2020,1,1,21,1,0,0.4533795533685059,1.0567297215144733,1,116.08070383849204
2020-01-22,2020,1,2,22,1,0,-0.6465045078086663,1.490075928361062,1,108.04674304319687
2020-01-23,2020,1,3,23,1,0,-0.09548152058438843,-0.3161762147599039,0,109.93433408345528
2020-01-24,2020,1,4,24,1,0,2.0777598085436533,1.4104094457380705,0,102.89182949610716
2020-01-25,2020,1,5,25,1,1,1.6617661378244022,-0.604304442421718,1,107.71024856389595
2020-01-26,2020,1,6,26,1,1,0.3666035476526035,-0.07034243619351342,1,111.40098750329818
2020-01-27,2020,1,0,27,1,0,-0.03293302283595118,-0.933303859594014,1,105.50314656649971
2020-01-28,2020,1,1,28,1,0,0.04934532004781909,0.49497250422177913,0,113.54577962923929
2020-01-29,2020,1,2,29,1,0,0.5443389616812465,1.6615360046152825,0,109.0706147712658
2020-01-30,2020,1,3,30,1,0,-1.0969684952840415,0.36752107576036597,0,111.01911095625229
2020-01-31,2020,1,4,31,1,0,-0.3292150616001699,-0.47914324625691646,1,109.86998094505556
2020-02-01,2020,2,5,32,1,1,-1.7447321038846693,0.5202726087548849,0,122.53791290268988
2020-02-02,2020,2,6,33,1,1,0.32938970397809403,-1.2886379787423823,0,113.60402922682454
2020-02-03,2020,2,0,34,1,0,0.5781197734806212,1.350266255322904,1,108.7748520892898
2020-02-04,2020,2,1,35,1,0,-0.5557145584651831,0.021488908701777106,0,118.56483422727175
2020-02-05,2020,2,2,36,1,0,1.5077408047832936,-0.16369108308826624,1,108.73332037947075
2020-02-06,2020,2,3,37,1,0,-1.3005614266176144,0.3067700210543031,0,116.26392704770339
2020-02-07,2020,2,4,38,1,0,-1.5398993019325267,0.4408937763856805,0,105.7998868235201
2020-02-08,2020,2,5,39,1,1,0.15408468824666774,-1.464894543105134,0,109.33241096161417
2020-02-09,2020,2,6,40,1,1,0.9792433469632298,0.640200346466198,1,117.32914505206688
2020-02-10,2020,2,0,41,1,0,1.6180174674612455,-0.8784996913789199,0,120.4049829217846
2020-02-11,2020,2,1,42,1,0,-0.531338145662564,0.7481891182412577,0,117.93353673075359
2020-02-12,2020,2,2,43,1,0,1.0109223236255116,1.1223873118400356,1,116.85865515710856
2020-02-13,2020,2,3,44,1,0,-0.10967862053580449,1.058369310577347,0,116.28765820301678
2020-02-14,2020,2,4,45,1,0,-0.24420701928305663,0.19179089970562077,0,110.7528497970406
2020-02-15,2020,2,5,46,1,1,0.8153058783613267,0.08037084977059987,0,114.8944500035639
2020-02-16,2020,2,6,47,1,1,0.5832623686923417,-1.21986765150733,0,116.53454319544116
2020-02-17,2020,2,0,48,1,0,-1.6522586539119692,0.9597647868253582,0,124.46319660171754
2020-02-18,2020,2,1,49,1,0,1.4099968121058484,-0.7769130039360107,0,121.23123671192683
2020-02-19,2020,2,2,50,1,0,1.3132532833010495,-0.0005273744680963899,0,111.02914588202235
2020-02-20,2020,2,3,51,1,0,-0.6985255822248227,-0.7325783536744871,0,121.79154102155023
2020-02-21,2020,2,4,52,1,0,0.32595967216513055,-1.2510476804972315,0,118.56799024070229
2020-02-22,2020,2,5,53,1,1,0.42448628679651135,0.45734546667019704,0,117.42651222509092
2020-02-23,2020,2,6,54,1,1,0.19041724907301985,-1.5250096452168256,0,124.1825998846452
2020-02-24,2020,2,0,55,1,0,-0.6230382151811741,0.8677475119296552,0,126.5876247813787
2020-02-25,2020,2,1,56,1,0,-0.744726907419254,-0.6177753987362898,0,126.39268728123372
2020-02-26,2020,2,2,57,1,0,-0.09668466224921626,-1.7117856962330855,0,117.8390490555407
2020-02-27,2020,2,3,58,1,0,1.1052577111547344,0.04921441108504853,0,120.78305635376579
2020-02-28,2020,2,4,59,1,0,0.4742076304813701,-1.5507878181615424,1,124.2744910755132
2020-02-29,2020,2,5,60,1,1,-0.442798658651097,-0.760508377763273,0,127.77997337206827
2020-03-01,2020,3,6,61,1,1,0.7030027474817023,0.7241477763561841,1,120.78541398229561
2020-03-02,2020,3,0,62,1,0,-2.9282939748154444,-1.4962075489153925,1,122.52693831737896
2020-03-03,2020,3,1,63,1,0,1.0812212137591464,1.1802965790538973,0,118.19236543906092
2020-03-04,2020,3,2,64,1,0,-1.8160790226747419,-1.6990855781316014,0,118.00662338477024
2020-03-05,2020,3,3,65,1,0,-0.4346003082978471,-0.8616401242790477,0,128.30866244756837
2020-03-06,2020,3,4,66,1,0,-1.19414166597198,0.841069697045929,1,131.28032404240548
2020-03-07,2020,3,5,67,1,1,-1.3696876925041472,-0.6223128510313413,0,124.38683225475765
2020-03-08,2020,3,6,68,1,1,1.0933191325733802,-1.361106127707641,0,130.0069309598735
2020-03-09,2020,3,0,69,1,0,-0.5401820090238163,-0.470803959646852,0,127.03441268637766
2020-03-10,2020,3,1,70,1,0,0.2765094705705068,-0.780414689259113,1,122.23214180546522
2020-03-11,2020,3,2,71,1,0,-0.11811641857698651,1.1919220968489364,1,127.49072961100758
2020-03-12,2020,3,3,72,1,0,0.4074450461106777,-0.6323835106195608,0,133.59441109827486
2020-03-13,2020,3,4,73,1,0,0.006003932632130479,1.0065862612505185,0,125.9400047602003
2020-03-14,2020,3,5,74,1,1,-1.3579627446646922,1.3613391878192784,0,134.1516559122804
2020-03-15,2020,3,6,75,1,1,0.9282566360465192,-0.21721890853939207,0,113.43337841879679
2020-03-16,2020,3,0,76,1,0,-0.566316958064518,1.4236158553835512,1,130.83961570682965
2020-03-17,2020,3,1,77,1,0,-1.632387899578526,-0.4119282437229973,0,127.35764170189556
2020-03-18,2020,3,2,78,1,0,-0.5004750819427112,1.6101780022405665,0,125.61394939240851
2020-03-19,2020,3,3,79,1,0,1.4342902136608047,-1.4045383884902232,0,127.74862079393372
2020-03-20,2020,3,4,80,1,0,0.7817655703688541,0.6553707700732819,1,117.52703016501658
2020-03-21,2020,3,5,81,1,1,-0.4207693934321133,-0.010457256650545635,1,126.53577797425262
2020-03-22,2020,3,6,82,1,1,-0.42137681261502064,-0.37632618459885014,0,129.5831473007087
2020-03-23,2020,3,0,83,1,0,-0.39366980623388553,0.46821547637262867,1,135.34466727979552
2020-03-24,2020,3,1,84,1,0,2.0120373431090406,0.7133976470412268,0,125.51560711868714
2020-03-25,2020,3,2,85,1,0,0.31204924100346243,-1.6972130839826054,0,124.2103845823011
2020-03-26,2020,3,3,86,1,0,0.36030234130630634,-1.136892534533723,0,125.88408142846487
2020-03-27,2020,3,4,87,1,0,0.9623771496718883,0.7450648361944918,0,133.10399912006255
2020-03-28,2020,3,5,88,1,1,0.16846581167973598,0.5842619400590602,0,130.29896371917025
2020-03-29,2020,3,6,89,1,1,-0.3308857563855423,1.6169639180746889,1,126.12871621308489
2020-03-30,2020,3,0,90,1,0,-0.26800201167968146,0.9104550067492684,0,131.46024629926936
2020-03-31,2020,3,1,91,1,0,-0.1428724682789892,1.5643235810724239,0,129.48976679534704
2020-04-01,2020,4,2,92,2,0,-0.10838845968285614,0.7088603857781176,0,133.9521488564974
2020-04-02,2020,4,3,93,2,0,0.6587990032892611,-0.685095913451853,0,125.69727691291719
2020-04-03,2020,4,4,94,2,0,-0.018948038265071014,-1.349139005330368,1,127.66192419006761
2020-04-04,2020,4,5,95,2,1,0.6638248378941884,0.982088421201004,0,127.4264629554493
2020-04-05,2020,4,6,96,2,1,-0.1520156250831249,0.5076310941327136,0,122.15027798615675
2020-04-06,2020,4,0,97,2,0,0.007822769290164394,-1.5461902005788477,1,131.0233890300159
2020-04-07,2020,4,1,98,2,0,-2.0753552884616413,-0.4714361789948321,0,130.91709229262312
2020-04-08,2020,4,2,99,2,0,0.8480733753930074,1.5850943301050373,0,129.7005140783704
2020-04-09,2020,4,3,100,2,0,0.27649401769188575,0.01224336787374808,0,128.55925552290327
2020-04-10,2020,4,4,101,2,0,0.9300052500701961,-0.2209693748595057,0,122.70670810440475
2020-04-11,2020,4,5,102,2,1,-2.9761524362543472,-0.13491560429744298,1,127.72584649555992
2020-04-12,2020,4,6,103,2,1,2.023699569682739,-0.9923937190701686,1,128.155168667176
2020-04-13,2020,4,0,104,2,0,-0.21106845798576904,-0.4416032552073206,0,125.89119779711201
2020-04-14,2020,4,1,105,2,0,1.040514399257473,-0.4377914407471505,1,129.12419286472772
2020-04-15,2020,4,2,106,2,0,-1.1141341175138475,-1.5318228757926793,0,131.9731287271644
2020-04-16,2020,4,3,107,2,0,0.5435926218005109,0.9329582765479348,0,139.40029577714455
2020-04-17,2020,4,4,108,2,0,-1.1276850089080577,-0.2768833009301625,0,130.85301074615288
2020-04-18,2020,4,5,109,2,1,-0.6967263637359196,1.121164221707561,0,131.27291910417054
2020-04-19,2020,4,6,110,2,1,1.8488238139538984,1.2182377861602944,0,129.612301264689
2020-04-20,2020,4,0,111,2,0,-0.26231725626398056,-0.9816713839733013,0,120.38438653475924
2020-04-21,2020,4,1,112,2,0,0.14704430860869458,0.5531359027876681,1,129.83376460167344
2020-04-22,2020,4,2,113,2,0,0.8016721640650936,-0.08466211485201651,0,130.24998918682496
2020-04-23,2020,4,3,114,2,0,0.4261430324064798,1.3209652993331258,0,142.24200049449732
2020-04-24,2020,4,4,115,2,0,0.07982569520430866,-0.9687596857031515,0,128.93542103136764
2020-04-25,2020,4,5,116,2,1,0.2950229551415013,0.6236446257409494,0,131.37092074436745
2020-04-26,2020,4,6,117,2,1,2.339702513108368,0.3821986239549092,0,129.65014536496972
2020-04-27,2020,4,0,118,2,0,-0.12884730664868854,-0.694575542322533,0,123.93543757010775
2020-04-28,2020,4,1,119,2,0,0.1306606023646992,-1.2414928909671403,1,135.4427116990851
2020-04-29,2020,4,2,120,2,0,0.9828102998565466,0.5334451515701578,0,133.43272352793565
2020-04-30,2020,4,3,121,2,0,1.0378494019610818,0.8331206490861136,0,133.56741582669795
2020-05-01,2020,5,4,122,2,0,1.1196026703210815,-0.6245281028474422,0,124.99930121232487
2020-05-02,2020,5,5,123,2,1,0.5696282034368575,0.5099861818375178,0,136.48902632789094
2020-05-03,2020,5,6,124,2,1,-1.2175479438974104,-0.3505412024007725,0,122.38950039334745
2020-05-04,2020,5,0,125,2,0,1.5673671045557886,0.7456191011439507,1,132.25167902847502
2020-05-05,2020,5,1,126,2,0,-1.2208986252502394,-1.0257098911884153,0,140.18330022993516
2020-05-06,2020,5,2,127,2,0,0.2325070899440309,1.3556283086331025,0,124.18701496143737
2020-05-07,2020,5,3,128,2,0,-0.8276317913225555,-0.7217727135980965,0,126.21198509361717
2020-05-08,2020,5,4,129,2,0,-0.13538676542492678,-0.4447778563505196,0,129.44066856466992
2020-05-09,2020,5,5,130,2,1,0.25871382073748933,-1.5120521370820819,0,126.31919191798426
2020-05-10,2020,5,6,131,2,1,0.25128601210879564,-1.327954081397174,1,120.97269295925663
2020-05-11,2020,5,0,132,2,0,0.3521566489963259,0.06552456288611808,0,128.95360881448406
2020-05-12,2020,5,1,133,2,0,1.5475866201288422,-0.7900662108012889,1,123.17946690039354
2020-05-13,2020,5,2,134,2,0,0.3838667368353519,1.1670001372411363,0,130.7346120171294
2020-05-14,2020,5,3,135,2,0,-0.3159547889026595,-1.6616132045516205,1,123.64073245921631
2020-05-15,2020,5,4,136,2,0,0.8959787155753199,-0.4058077723641584,0,135.85433662033097
2020-05-16,2020,5,5,137,2,1,1.1220503054485753,-0.54968236214354,0,124.05088542545165
2020-05-17,2020,5,6,138,2,1,-1.302409204264573,-1.6456425786827382,0,126.2150783348289
2020-05-18,2020,5,0,139,2,0,0.5281718384028079,-1.2836488129373267,1,131.7470244384017
2020-05-19,2020,5,1,140,2,0,0.6322614089284064,-0.2867455497183564,0,121.37506052128447
2020-05-20,2020,5,2,141,2,0,-0.36952474936158736,-0.01372929247582381,0,128.51259097130531
2020-05-21,2020,5,3,142,2,0,1.308855353077897,-0.3189778112254196,0,133.75295502970795
2020-05-22,2020,5,4,143,2,0,-0.22156637751358343,0.117479027011741,1,119.01789230613934
2020-05-23,2020,5,5,144,2,1,0.05490738035300896,0.3387057654778933,0,127.81273989889253
2020-05-24,2020,5,6,145,2,1,-0.244652901102026,-1.6780501912723933,1,128.01952038492308
2020-05-25,2020,5,0,146,2,0,-0.05542593251725876,-0.11287510682923177,0,130.45611013789951
2020-05-26,2020,5,1,147,2,0,-1.1706754158360693,1.6081820347585065,0,120.18556610607367
2020-05-27,2020,5,2,148,2,0,-1.515501024378132,0.07645038607876681,0,119.58787700737983
2020-05-28,2020,5,3,149,2,0,1.5283217629247066,0.6227109310924757,1,128.61630789110282
2020-05-29,2020,5,4,150,2,0,-0.920600329985881,-0.6374979091308158,0,127.30464705189387
2020-05-30,2020,5,5,151,2,1,-1.0654723904474506,0.9550959414085688,1,126.88208022998307
2020-05-31,2020,5,6,152,2,1,-2.2310186306410666,0.9514088417308991,0,127.16860398291705
2020-06-01,2020,6,0,153,2,0,-0.7119655460346558,0.08425183066028212,0,121.83992787623828
2020-06-02,2020,6,1,154,2,0,-1.398182762711213,1.651310059137575,0,126.20203794329414
2020-06-03,2020,6,2,155,2,0,1.5759769448320005,-1.27957601390926,0,126.30396793538611
2020-06-04,2020,6,3,156,2,0,0.9418482853745973,-1.65384446905876,1,121.06189229555285
2020-06-05,2020,6,4,157,2,0,-0.7613043542765628,0.9418860005101836,1,133.7548638583493
2020-06-06,2020,6,5,158,2,1,2.188261675414683,1.069386983830307,1,126.58488711966574
2020-06-07,2020,6,6,159,2,1,0.9137110198303293,-1.2979891265339936,1,118.046417506115
2020-06-08,2020,6,0,160,2,0,-0.3968758993946566,-0.7969925778482082,0,127.07048949221439
2020-06-09,2020,6,1,161,2,0,-2.5780908846090664,-1.6517605440947465,0,118.6967669689587
2020-06-10,2020,6,2,162,2,0,2.2268860335424474,-0.7014434029405241,1,127.28581374942372
2020-06-11,2020,6,3,163,2,0,-1.4648684589828196,0.9521683615524067,0,128.92144036466792
2020-06-12,2020,6,4,164,2,0,-1.7214759742656016,0.07275688973019287,1,118.80107436904837
2020-06-13,2020,6,5,165,2,1,0.954640573840261,-0.5126353198474374,1,127.49543788135456
2020-06-14,2020,6,6,166,2,1,2.3761502985702716,-0.4311538837867297,0,124.51467753666881
2020-06-15,2020,6,0,167,2,0,1.3174475169022233,-1.7075849839735304,1,126.33153092057339
2020-06-16,2020,6,1,168,2,0,0.4945786148860409,-0.6790708189745149,0,131.4739914845466
2020-06-17,2020,6,2,169,2,0,0.525518030768019,0.5155902124424045,0,120.53031984642116
2020-06-18,2020,6,3,170,2,0,0.7849691402230569,1.6450400743012161,0,117.75434949974172
2020-06-19,2020,6,4,171,2,0,0.6901936295846871,1.2069094555904833,0,116.83986317768533
2020-06-20,2020,6,5,172,2,1,0.21099756346508372,-1.6309364009380571,0,116.97152348816147
2020-06-21,2020,6,6,173,2,1,0.03346675539298491,1.3843891027945119,0,120.42704038465794
2020-06-22,2020,6,0,174,2,0,-0.13383682798612923,0.986825424966522,1,122.27921745017088
2020-06-23,2020,6,1,175,2,0,-0.8273195796493319,0.9770991890946683,1,121.71685535246502
2020-06-24,2020,6,2,176,2,0,-0.3525847494671821,-0.13389499251702075,0,124.22839731174926
2020-06-25,2020,6,3,177,2,0,-1.7691792729904257,-0.34063543349307995,0,119.91580721944105
2020-06-26,2020,6,4,178,2,0,-0.16969248853293564,-0.6683351450202605,1,126.87612309984829
2020-06-27,2020,6,5,179,2,1,-1.0626625937872014,-1.4858508350527173,0,118.0422632362973
2020-06-28,2020,6,6,180,2,1,-1.178011982147197,-0.9257002344981713,0,132.72302929818187
2020-06-29,2020,6,0,181,2,0,0.109390951890349,-0.8623991002224125,0,122.00679941693365
2020-06-30,2020,6,1,182,2,0,1.3252005887674874,-0.04401301573237731,0,114.34869914057937
2020-07-01,2020,7,2,183,3,0,0.8500683804352268,0.8636091941379037,0,113.03589566568644
2020-07-02,2020,7,3,184,3,0,-1.6463491090911695,-0.07939620470055431,1,120.55854045676048
2020-07-03,2020,7,4,185,3,0,-1.0637027900578562,-1.5129050860071063,0,116.78473568724651
2020-07-04,2020,7,5,186,3,1,0.8725915335911981,1.58850603955021,0,121.22807632888838
2020-07-05,2020,7,6,187,3,1,-1.0565402408258655,1.5365870501602328,0,119.7805411941705
2020-07-06,2020,7,0,188,3,0,-0.2963716833394957,0.9936872996992157,0,116.80684457076508
2020-07-07,2020,7,1,189,3,0,0.4806792776776811,1.7040857667840954,0,112.6941152321328
2020-07-08,2020,7,2,190,3,0,-1.0423541128433813,0.1641569077734599,1,109.11150265305571
2020-07-09,2020,7,3,191,3,0,0.034644743943413416,1.6056632236538586,1,114.2114807096323
2020-07-10,2020,7,4,192,3,0,-1.4091518593592047,-1.451698152768861,0,120.485129152339
2020-07-11,2020,7,5,193,3,1,-0.6742566384811535,-0.45203297820863886,1,117.0335476810999
2020-07-12,2020,7,6,194,3,1,0.24970592025136726,-0.935536080065261,1,109.49529371124814
2020-07-13,2020,7,0,195,3,0,-1.6689109278862906,-1.0373656701011977,1,116.35186625280382
2020-07-14,2020,7,1,196,3,0,0.3707672923543944,-1.2270117118157866,0,117.1756881093678
2020-07-15,2020,7,2,197,3,0,-0.09075032323944375,0.4327254687659837,0,110.5942190340017
2020-07-16,2020,7,3,198,3,0,0.483124577724416,0.9803583917656175,0,115.54790163982865
2020-07-17,2020,7,4,199,3,0,0.15354536178558856,0.28069456759754685,0,114.83755355748968
2020-07-18,2020,7,5,200,3,1,1.2972536486444348,-1.2057838113447357,0,108.60045492678248
2020-07-19,2020,7,6,201,3,1,0.05455435475186112,1.0830623926936824,0,115.87470043629162
2020-07-20,2020,7,0,202,3,0,-0.5017694026286404,0.479390981760515,1,116.66190193324476
2020-07-21,2020,7,1,203,3,0,0.05161841674724612,-0.37454483033085745,1,119.047306791606
2020-07-22,2020,7,2,204,3,0,0.4739045823008056,0.610952519691583,1,118.67708432708017
2020-07-23,2020,7,3,205,3,0,-0.022043277123076525,-0.8165597200677135,0,106.29779896603961
2020-07-24,2020,7,4,206,3,0,-0.030336905988194024,-0.5226410268768009,0,108.27723601686561
2020-07-25,2020,7,5,207,3,1,-0.775187965207894,1.4496096686925697,0,115.3239914235346
2020-07-26,2020,7,6,208,3,1,-0.7359778206588132,-0.7111069705869818,0,115.10253129896934
2020-07-27,2020,7,0,209,3,0,-1.4779410632318866,-0.09256614821441238,0,114.89605245295998
2020-07-28,2020,7,1,210,3,0,1.6838669964155781,1.3553737526456393,0,131.3742026871846
2020-07-29,2020,7,2,211,3,0,-1.3187142648634285,0.7267147386807402,0,114.75733970431769
2020-07-30,2020,7,3,212,3,0,-0.7660737271297584,-1.4978837754547965,1,117.37575916854684
2020-07-31,2020,7,4,213,3,0,-0.7916536723993867,-1.2046109425760587,0,116.26577589651342
2020-08-01,2020,8,5,214,3,1,0.8266047168470658,-1.6852260185387504,1,114.55344130893481
2020-08-02,2020,8,6,215,3,1,-0.3669029422682453,0.46204643461869527,0,109.52382737790265
2020-08-03,2020,8,0,216,3,0,1.1804998373189886,-0.16946804169461752,0,114.7017666607492
2020-08-04,2020,8,1,217,3,0,-0.7465998658997891,-1.2495089842351481,0,106.85268677812076
2020-08-05,2020,8,2,218,3,0,0.20879359178347393,1.589003398490424,0,109.34584343981814
2020-08-06,2020,8,3,219,3,0,-0.9089505675201601,0.11307491270247631,0,107.91955872458982
2020-08-07,2020,8,4,220,3,0,2.0806473688093665,-0.8786319787402944,0,110.57558757300407
2020-08-08,2020,8,5,221,3,1,-1.2622776285900656,0.012940970816651316,0,121.56283359089112
2020-08-09,2020,8,6,222,3,1,0.23971427703080792,0.6298724045709093,0,100.48010415989683
2020-08-10,2020,8,0,223,3,0,0.5646597359662324,-1.4495126370521223,0,113.07826688217811
2020-08-11,2020,8,1,224,3,0,0.3440101905257877,-0.765559652194133,1,101.41764870164279
2020-08-12,2020,8,2,225,3,0,-0.25690604006750656,1.06873204153943,0,106.95963594929356
2020-08-13,2020,8,3,226,3,0,-0.20126969748553442,-0.12814286473051964,1,114.60599822308868
2020-08-14,2020,8,4,227,3,0,-0.027107292737115766,0.17137608463460915,0,109.32855452855962
2020-08-15,2020,8,5,228,3,1,-0.2185034671564379,-0.22067001471845987,1,103.46837429533666
2020-08-16,2020,8,6,229,3,1,0.8957700287400815,-1.560960946808833,1,105.13463207437944
2020-08-17,2020,8,0,230,3,0,2.146220879522037,-1.1410394037713079,0,111.96737339407707
2020-08-18,2020,8,1,231,3,0,-0.6302467926754305,-0.1768146509967983,0,104.78003878270759
2020-08-19,2020,8,2,232,3,0,-1.4450386002951154,-0.9913504051032801,1,109.38097585406109
2020-08-20,2020,8,3,233,3,0,-0.15960419653964686,-1.5400110691600992,0,108.39774587210213
2020-08-21,2020,8,4,234,3,0,2.5165346264204875,1.1951538321512236,0,104.78754932948338
2020-08-22,2020,8,5,235,3,1,-0.8771813616865636,1.6691570273117222,0,118.64546304270924
2020-08-23,2020,8,6,236,3,1,1.5730697392257673,1.0210962404043522,1,110.98012153353929
2020-08-24,2020,8,0,237,3,0,1.6117715746170407,1.2300821761791054,1,97.57425341468328
2020-08-25,2020,8,1,238,3,0,-0.6263313288450001,-0.8783430606011552,0,108.52639637115196
2020-08-26,2020,8,2,239,3,0,0.4996680687324563,1.5982835717324713,0,104.18413047106357
2020-08-27,2020,8,3,240,3,0,1.5623168199194002,-1.0336002583369774,0,111.65900662342685
2020-08-28,2020,8,4,241,3,0,-0.45133806556081385,1.5665881023629205,0,103.3429107434878
2020-08-29,2020,8,5,242,3,1,-0.275254603027973,1.7161178787560853,1,106.64546076972836
2020-08-30,2020,8,6,243,3,1,-0.6545097896969492,0.7405046410545424,0,109.66271722412998
2020-08-31,2020,8,0,244,3,0,-1.0889081211734073,1.668988860752418,0,111.39025773417671
2020-09-01,2020,9,1,245,3,0,-0.7223128455026598,0.2505104225148445,0,100.98881601495911
2020-09-02,2020,9,2,246,3,0,-1.2987304560339015,-0.8178113742045175,1,105.25177426584906
2020-09-03,2020,9,3,247,3,0,-0.0368650035607843,-0.2062652099908808,0,104.48875161622999
2020-09-04,2020,9,4,248,3,0,-0.8433771085819637,0.33329264896395794,0,103.541292747158
2020-09-05,2020,9,5,249,3,1,0.16344728566847075,-1.460394619237531,0,115.58497997973663
2020-09-06,2020,9,6,250,3,1,-1.6316995514639792,0.43248293420378653,0,108.73774087784538
2020-09-07,2020,9,0,251,3,0,0.26083810999337254,1.6691063940389441,0,100.36893273216194
2020-09-08,2020,9,1,252,3,0,0.7650218139213085,-1.0570967857328453,0,111.22862041653714
2020-09-09,2020,9,2,253,3,0,-2.0708766112816006,1.0192085459483542,0,117.22152758952882
2020-09-10,2020,9,3,254,3,0,0.3041462983103538,1.4165705719609776,1,111.75002470217242
2020-09-11,2020,9,4,255,3,0,1.1603654585115595,1.539954952001914,1,98.97335272784696
2020-09-12,2020,9,5,256,3,1,-1.284387541321808,1.5965901979984427,1,104.13712356095083
2020-09-13,2020,9,6,257,3,1,1.6066274863316359,0.08481560173304699,0,112.88656143894984
2020-09-14,2020,9,0,258,3,0,0.3492460428603279,1.6557697618486746,1,103.01302205788589
2020-09-15,2020,9,1,259,3,0,-0.7782173560633797,0.8976089292305913,0,108.77551199527399
2020-09-16,2020,9,2,260,3,0,-0.1269919386518737,-1.1550942795936057,0,110.44034053259134
2020-09-17,2020,9,3,261,3,0,0.48897936056726143,-0.06874642160980977,0,101.9490097355544
2020-09-18,2020,9,4,262,3,0,0.005184939580657568,0.76327854731967,0,106.30828833316976
2020-09-19,2020,9,5,263,3,1,0.4693486753673679,-0.8598603347823419,0,90.42761569297107
2020-09-20,2020,9,6,264,3,1,-0.9945376751239747,0.4954520162295287,0,101.54585708005524
2020-09-21,2020,9,0,265,3,0,0.09882545839525303,0.5850031033256041,0,105.44462267018403
2020-09-22,2020,9,1,266,3,0,-1.489084213375925,-1.1515505038103242,0,100.51405881205548
2020-09-23,2020,9,2,267,3,0,-0.18261827531779964,0.23515934164842375,0,114.96640186641572
2020-09-24,2020,9,3,268,3,0,-0.9777205241185458,0.946947463517792,0,99.71088285157528
2020-09-25,2020,9,4,269,3,0,-0.8088286381688065,0.007055146105426295,0,104.72449817132795
2020-09-26,2020,9,5,270,3,1,1.1688153667806933,-1.6705398554971653,1,107.64745177827398
2020-09-27,2020,9,6,271,3,1,1.0235901777499377,-1.6811013106416814,1,114.27505025504976
2020-09-28,2020,9,0,272,3,0,0.5399457347898611,-0.4818476347041355,0,99.97022205952926
2020-09-29,2020,9,1,273,3,0,-1.166700993585436,1.479620142975687,0,113.0521203742549
2020-09-30,2020,9,2,274,3,0,-0.3884272438627746,-0.9241790167576385,0,107.3801594593305
2020-10-01,2020,10,3,275,4,0,1.1457496686148112,0.473907980127747,1,102.52006937746387
2020-10-02,2020,10,4,276,4,0,0.07109712980406145,-0.9469272117431479,0,109.84267485924606
2020-10-03,2020,10,5,277,4,1,2.255359688254942,-0.6037038059296543,0,108.63792588070132
2020-10-04,2020,10,6,278,4,1,0.3234663873796307,1.2102911040362023,0,104.75793491882247
2020-10-05,2020,10,0,279,4,0,0.12158303571772024,0.799568180747348,0,108.23033879061482
2020-10-06,2020,10,1,280,4,0,-0.3811129903105458,-1.3834828263524368,0,106.08298002067554
2020-10-07,2020,10,2,281,4,0,0.06289615328085475,-0.23484770574559655,1,108.71125661640521
2020-10-08,2020,10,3,282,4,0,-0.22398799942826564,-1.6117244081088054,0,111.59433731237472
2020-10-09,2020,10,4,283,4,0,0.6392185240671607,-0.05499585903949357,0,116.35966240720792
2020-10-10,2020,10,5,284,4,1,0.8885713124300387,0.5706445334884065,1,102.39226198631437
2020-10-11,2020,10,6,285,4,1,-0.8594422479416903,-1.3038635749356455,1,119.40411896666791
2020-10-12,2020,10,0,286,4,0,-1.4063507902146197,-0.7166883565749625,0,99.14196012548385
2020-10-13,2020,10,1,287,4,0,-1.9128652803131465,-0.34121669891361817,0,108.31273632333757
2020-10-14,2020,10,2,288,4,0,0.43849006156437664,1.456657817473648,0,112.1883056577032
2020-10-15,2020,10,3,289,4,0,-1.177788590996592,1.7107270282245686,1,110.83250973047384
2020-10-16,2020,10,4,290,4,0,-2.2305175845677385,-1.557475588682899,0,106.50063257672886
2020-10-17,2020,10,5,291,4,1,0.31871267997427033,0.9103520792911798,1,108.76582209979665
2020-10-18,2020,10,6,292,4,1,2.4295600141920204,-0.43120636458638073,0,107.53942792399685
2020-10-19,2020,10,0,293,4,0,-0.07714200567404542,-0.3597519926065638,0,107.26127511860508
2020-10-20,2020,10,1,294,4,0,0.7699987790083425,0.8871143787203384,0,114.66541206589162
2020-10-21,2020,10,2,295,4,0,0.01102669178262515,1.4528511468843255,0,112.41738570041676
2020-10-22,2020,10,3,296,4,0,-0.17024419458444703,1.5648608014333387,0,107.38823697676776
2020-10-23,2020,10,4,297,4,0,0.8508305779116199,0.27664245410155164,0,115.57679533521194
2020-10-24,2020,10,5,298,4,1,-0.3622135313720121,-0.48153121872732935,0,112.84680157978009
2020-10-25,2020,10,6,299,4,1,0.19715631423443764,1.0018188067964415,1,115.61158066031797
2020-10-26,2020,10,0,300,4,0,0.25162764294096335,-0.8472434850143362,0,114.93779788349528
2020-10-27,2020,10,1,301,4,0,-0.7411832044100763,0.2316742341778093,1,107.89243758237482
2020-10-28,2020,10,2,302,4,0,0.9240192655686651,-0.4765090322976513,0,109.48959799995433
2020-10-29,2020,10,3,303,4,0,-0.24654659882839278,0.5506463231279809,0,116.28534805697926
2020-10-30,2020,10,4,304,4,0,-0.8291055877319317,-0.8837819476041588,0,115.86434755461279
2020-10-31,2020,10,5,305,4,1,0.4670956672652243,-1.0519781267169477,0,112.97679536601773
2020-11-01,2020,11,6,306,4,1,-0.9722642529652815,1.452205512875663,1,113.94188828155839
2020-11-02,2020,11,0,307,4,0,-0.04278533876164834,-1.3614118251976761,0,120.0226132790222
2020-11-03,2020,11,1,308,4,0,-0.08019939893480231,0.03139320128981275,0,110.960505673862
2020-11-04,2020,11,2,309,4,0,1.0181590881724052,-0.9511422431201371,0,116.94290520936488
2020-11-05,2020,11,3,310,4,0,0.40509529801887967,-1.578088596973575,0,113.49043660271317
2020-11-06,2020,11,4,311,4,0,-0.09615594032238241,-1.5881210479238974,0,113.71184383474771
2020-11-07,2020,11,5,312,4,1,0.7492110159381394,-1.1083968191902882,1,120.59779362757354
2020-11-08,2020,11,6,313,4,1,1.3234003707218973,1.2748328554189818,1,119.53939984103582
2020-11-09,2020,11,0,314,4,0,0.4884611768000291,-0.7387655240396347,0,119.792962489919
2020-11-10,2020,11,1,315,4,0,-0.060668320573177864,1.563243062547205,0,122.57052892952431
2020-11-11,2020,11,2,316,4,0,-1.3868948358460573,0.2921494414706042,0,116.47043457012407
2020-11-12,2020,11,3,317,4,0,-1.1394188321377943,-0.20758061864214758,0,120.10195473417537
2020-11-13,2020,11,4,318,4,0,-0.3772093459160943,0.28686480425871885,0,115.47205748948475
2020-11-14,2020,11,5,319,4,1,-0.6824260683116994,0.06840726700878995,0,118.9797828283558
2020-11-15,2020,11,6,320,4,1,-0.25859482564020314,0.902661250795473,0,117.048084214458
2020-11-16,2020,11,0,321,4,0,-0.014229634113173283,-0.7387058286031529,0,118.52784531596267
2020-11-17,2020,11,1,322,4,0,0.46025776021650405,-0.4955599863778783,0,121.36686191484335
2020-11-18,2020,11,2,323,4,0,-0.14176662019750433,1.368997235801362,0,114.65225643940596
2020-11-19,2020,11,3,324,4,0,0.4169347538890506,1.549449017999841,0,129.56157634591406
2020-11-20,2020,11,4,325,4,0,-0.006381249993228718,1.3637035807681919,0,114.4297543042343
2020-11-21,2020,11,5,326,4,1,-2.052551745473585,-0.2667391337475024,1,113.75294345079034
2020-11-22,2020,11,6,327,4,1,-1.0132564647448787,0.9770625882770758,0,125.98225203131561
2020-11-23,2020,11,0,328,4,0,-0.2155801211967357,-0.0706913766181369,0,124.52150880024489
2020-11-24,2020,11,1,329,4,0,-1.2844414295330062,0.0023827161375211347,0,124.05889817887832
2020-11-25,2020,11,2,330,4,0,0.5307082205002935,-1.006876861555953,1,124.45865501017832
2020-11-26,2020,11,3,331,4,0,1.4643728411687107,0.32491615200552326,0,121.6377640429761
2020-11-27,2020,11,4,332,4,0,1.151431117359939,-1.0707843234415313,0,117.59815501235157
2020-11-28,2020,11,5,333,4,1,-0.2851472317136223,-0.5696044444645627,0,122.8521525934359
2020-11-29,2020,11,6,334,4,1,1.4242259193871023,1.2343736867436446,1,119.47921262846177
2020-11-30,2020,11,0,335,4,0,0.07806889874044691,-0.9986207478963153,1,128.1356132234801
2020-12-01,2020,12,1,336,4,0,-0.4091679097185828,-1.467022657507869,0,122.92273562282328
2020-12-02,2020,12,2,337,4,0,-0.6863284102747542,-1.4744344207040758,1,119.9314708473553
2020-12-03,2020,12,3,338,4,0,-0.3744459148535854,1.529902074321223,1,122.85579910741174
2020-12-04,2020,12,4,339,4,0,-0.4604147769327351,0.03471029376580662,1,126.93390427040374
2020-12-05,2020,12,5,340,4,1,0.09988407968038786,-0.301325145584599,0,122.45979931890541
2020-12-06,2020,12,6,341,4,1,0.09001178239539677,1.0822174173179335,0,121.57906000395555
2020-12-07,2020,12,0,342,4,0,-0.06799723295149765,1.1681915035270185,0,127.32281040747422
2020-12-08,2020,12,1,343,4,0,0.3672199242679355,-0.5674459585267992,1,127.7457989649057
2020-12-09,2020,12,2,344,4,0,1.1232296818920264,0.6781116661690887,0,124.40512759966522
2020-12-10,2020,12,3,345,4,0,0.8814013021618797,0.9452102399945246,0,125.00572046281538
2020-12-11,2020,12,4,346,4,0,-1.5604850630014753,0.54382147118122,0,128.94432622944046
2020-12-12,2020,12,5,347,4,1,-2.632772782291785,-1.189819654208752,1,120.96881969330072
2020-12-13,2020,12,6,348,4,1,0.866120556115011,1.3062373391364492,1,121.59899136972618
2020-12-14,2020,12,0,349,4,0,-1.4421053890439994,0.14558942364265048,0,125.47296507096047
2020-12-15,2020,12,1,350,4,0,-0.29650433910226875,-0.7387872959135315,1,128.4285360256936
2020-12-16,2020,12,2,351,4,0,-1.2447388392193104,-0.24681931291126386,0,131.4825069607013
2020-12-17,2020,12,3,352,4,0,-1.8785358296456633,-1.5827715742299782,1,137.73846089976388
2020-12-18,2020,12,4,353,4,0,0.4720636768792148,-1.2715925435715054,0,135.085103091162
2020-12-19,2020,12,5,354,4,1,0.6904208919952292,0.9259938830897736,0,130.43355268814582
2020-12-20,2020,12,6,355,4,1,-0.6493234869073675,-1.7122097822314815,1,131.57582019905712
2020-12-21,2020,12,0,356,4,0,-2.670007299079266,-0.27667171471436,0,127.09702582871694
2020-12-22,2020,12,1,357,4,0,-0.6189651091198607,0.08843600353895777,1,132.4568935423881
2020-12-23,2020,12,2,358,4,0,0.32194793048419573,-1.5239675588791834,0,131.54686709886974
2020-12-24,2020,12,3,359,4,0,-1.5544803822269686,1.6411931231247083,0,135.04526773953924
2020-12-25,2020,12,4,360,4,0,0.11286730418264701,-0.9329718732323503,0,129.7377472692256
2020-12-26,2020,12,5,361,4,1,-0.0864091569146908,-0.6639136743788806,0,136.91347263249293
2020-12-27,2020,12,6,362,4,1,0.510007968712214,-0.6647966217948638,0,142.4237821651026
2020-12-28,2020,12,0,363,4,0,0.04889298461994249,-0.9181829960258917,0,134.66004214948688
2020-12-29,2020,12,1,364,4,0,-1.047093026363645,-1.7071707606419178,0,137.65646271437612
2020-12-30,2020,12,2,365,4,0,1.1291730030611418,0.8012339182318418,0,139.5428892718753
2020-12-31,2020,12,3,366,4,0,-0.2300662411277991,1.6197139845596382,1,134.53043417710737
2021-01-01,2021,1,4,1,1,0,-0.09844047629916544,-0.9392848272890546,1,138.1013661688054
2021-01-02,2021,1,5,2,1,1,-1.0071705014379748,0.5727576880129066,0,137.48813097310062
2021-01-03,2021,1,6,3,1,1,-0.5156884890012812,0.8444892821507588,1,138.35761067404604
2021-01-04,2021,1,0,4,1,0,-0.958557254591309,1.2116120045593115,0,134.447936553706
2021-01-05,2021,1,1,5,1,0,-0.24452675268591756,-0.2557760030034436,0,138.87888388308068
2021-01-06,2021,1,2,6,1,0,1.6458830923357994,-0.6682828423790688,1,141.68916254231308
2021-01-07,2021,1,3,7,1,0,-1.4471431709595477,-0.5912107550556166,1,146.8971161741995
2021-01-08,2021,1,4,8,1,0,-1.6895414011854815,0.7436011654410262,0,144.8792669100287
2021-01-09,2021,1,5,9,1,1,1.4046103910509067,1.1025531764858918,1,151.28952613828085
2021-01-10,2021,1,6,10,1,1,-0.28101545885733126,-1.0863678963516887,0,137.12666260672682
2021-01-11,2021,1,0,11,1,0,-0.7421684891012641,-0.4339049568370492,1,145.7637750181059
2021-01-12,2021,1,1,12,1,0,0.9720277640876024,1.3960359260612403,0,142.7565377638019
2021-01-13,2021,1,2,13,1,0,-0.6785175063713184,1.0677947685475302,0,153.22528276400953
2021-01-14,2021,1,3,14,1,0,1.7605333756278392,1.6817904401554822,0,138.66990183128115
2021-01-15,2021,1,4,15,1,0,0.6089435473169179,0.8870567797268982,0,138.94649472945792
2021-01-16,2021,1,5,16,1,1,-0.5604539332180661,-0.35721207627533924,0,140.58033806160014
2021-01-17,2021,1,6,17,1,1,2.092843585374315,0.32321899378211244,1,133.38840827430138
2021-01-18,2021,1,0,18,1,0,-0.678617193131613,0.5657517346588921,0,141.80798772306028
2021-01-19,2021,1,1,19,1,0,0.6733090070008629,-1.4418737479219823,0,141.06816836451722
2021-01-20,2021,1,2,20,1,0,0.22915399670393527,0.16420731325712626,0,146.04096546280186
2021-01-21,2021,1,3,21,1,0,1.2346639553312801,0.7322268950487171,0,147.42094096105185
2021-01-22,2021,1,4,22,1,0,1.4952271406862987,-1.1356235831657642,0,155.51408379263165
2021-01-23,2021,1,5,23,1,1,-0.03895067252063573,0.9779800221617554,0,151.30422615464124
2021-01-24,2021,1,6,24,1,1,-0.8267711915752187,0.299560498068355,0,144.0841804447464
2021-01-25,2021,1,0,25,1,0,0.39032423795932025,1.569317424885998,0,142.89083773454357
2021-01-26,2021,1,1,26,1,0,-0.750837512816876,-1.5660532370083797,0,150.25424684768026
2021-01-27,2021,1,2,27,1,0,1.9484831178435822,-0.7978772070957638,1,141.60266003894424
2021-01-28,2021,1,3,28,1,0,0.06589972387601269,0.3608381050966162,1,157.76763858666814
2021-01-29,2021,1,4,29,1,0,-0.4374897149322354,-0.6902386976815844,0,154.91131684536163
2021-01-30,2021,1,5,30,1,1,0.11419172242624162,0.7498141205129628,0,147.06917228221553
2021-01-31,2021,1,6,31,1,1,-1.4222926608083168,0.9034505346752162,0,141.24738587122735
2021-02-01,2021,2,0,32,1,0,-1.045633681052856,-1.3589571466143466,0,156.9774137578778
2021-02-02,2021,2,1,33,1,0,1.133027143173158,0.05860648491132076,0,150.02724404434272
2021-02-03,2021,2,2,34,1,0,-0.7299528391755348,0.04149975572975864,0,157.17772776315962
2021-02-04,2021,2,3,35,1,0,-1.1211605649116274,-0.43962650472467296,0,143.40193687189054
2021-02-05,2021,2,4,36,1,0,0.4672390126334547,1.5028159512404247,0,148.7592704944473
2021-02-06,2021,2,5,37,1,1,1.1182724696614368,1.13952029045507,0,152.1609924780464
2021-02-07,2021,2,6,38,1,1,0.6500962750814515,0.6904881660773687,1,152.74478071146655
2021-02-08,2021,2,0,39,1,0,0.9280368332210536,0.7494780162522225,1,150.63104805186157
2021-02-09,2021,2,1,40,1,0,-0.830158723052392,-0.12107372195883924,0,156.36343622008158
2021-02-10,2021,2,2,41,1,0,-1.4972051070682197,1.4617013505449492,0,148.2751297144273
2021-02-11,2021,2,3,42,1,0,1.4348658274235215,0.6814798990320095,1,153.26153568047985
2021-02-12,2021,2,4,43,1,0,-0.3947177844016624,0.7999804156608716,1,154.93119137605925
2021-02-13,2021,2,5,44,1,1,-0.32265155821182734,1.2573279425444608,0,157.25419045570806
2021-02-14,2021,2,6,45,1,1,1.2611975887573468,-0.7677384420886156,0,158.58828197251844
2021-02-15,2021,2,0,46,1,0,0.4868760539825039,1.0690953180392673,0,149.7510631275873
2021-02-16,2021,2,1,47,1,0,0.38622739436511727,-1.0394074915443523,0,148.0435511534814
2021-02-17,2021,2,2,48,1,0,2.1005612131323907,-0.5221249767260462,0,162.43806591011358
2021-02-18,2021,2,3,49,1,0,-0.7165359431838105,-0.5556618754237971,0,158.04245325527052
2021-02-19,2021,2,4,50,1,0,0.8596209851776597,1.6599657448123106,0,152.96522502833
2021-02-20,2021,2,5,51,1,1,-0.01386532498326476,1.2395672189800295,0,164.78569805693297
2021-02-21,2021,2,6,52,1,1,0.19835994344447633,0.7041368567706354,1,157.92603193462156
2021-02-22,2021,2,0,53,1,0,1.4620834652905925,0.7933488512619123,0,163.5572408972965
2021-02-23,2021,2,1,54,1,0,0.4383340158642697,0.2247775368190658,0,158.306756112486
2021-02-24,2021,2,2,55,1,0,0.46888735750005367,1.5516344530794732,0,168.57656284659922
2021-02-25,2021,2,3,56,1,0,1.0047299750554293,-0.002032235840068435,0,167.34837742040645
2021-02-26,2021,2,4,57,1,0,-0.4371197668654806,-0.40090152036695476,1,157.62083402716303
2021-02-27,2021,2,5,58,1,1,-0.9128249771414997,-1.1503939755348813,0,164.01256520980365
2021-02-28,2021,2,6,59,1,1,-1.1190523578677025,0.9971890368895405,0,162.66566402091874
2021-03-01,2021,3,0,60,1,0,-2.0434139487045893,0.8188066777981848,1,166.56097949572035
2021-03-02,2021,3,1,61,1,0,1.9914337624082379,-0.38767723540309346,0,155.16715243433404
2021-03-03,2021,3,2,62,1,0,-1.1776298673141652,-1.625427790357803,1,163.69083414561982
2021-03-04,2021,3,3,63,1,0,-0.2929818366256676,1.1791208501031314,0,165.81631547595808
2021-03-05,2021,3,4,64,1,0,-0.34871117950355507,-1.6729009767628145,0,151.98887244001835
2021-03-06,2021,3,5,65,1,1,0.23729289276974627,0.7128555150078497,0,155.11936787275903
2021-03-07,2021,3,6,66,1,1,0.7471757329094498,1.6314711484416817,0,151.08725851039537
2021-03-08,2021,3,0,67,1,0,0.7920486231090679,-0.2039719477218258,1,160.17876883472715
2021-03-09,2021,3,1,68,1,0,-0.6559105789847983,-0.9024794502096893,1,165.35048037665584
2021-03-10,2021,3,2,69,1,0,-0.23868462032470697,0.7168918345814502,0,169.5060623755075
2021-03-11,2021,3,3,70,1,0,0.21239033022718556,1.1037547895659667,0,162.5907620221009
2021-03-12,2021,3,4,71,1,0,-0.3205031270961392,0.17087008985629962,1,170.58384253033802
2021-03-13,2021,3,5,72,1,1,1.541201487716067,1.6203679928416506,1,155.75516420121212
2021-03-14,2021,3,6,73,1,1,0.42142172216251234,-1.5341880126215268,0,154.34806197297115
2021-03-15,2021,3,0,74,1,0,0.6660693801806428,0.027387625403876095,0,162.790901981299
2021-03-16,2021,3,1,75,1,0,0.593853001861131,0.763701646669733,0,165.1869669661866
2021-03-17,2021,3,2,76,1,0,1.1060048239466918,1.2606003621146198,1,163.2954691567708
2021-03-18,2021,3,3,77,1,0,0.11052180228600268,-1.0944953132609552,0,153.308312181075
2021-03-19,2021,3,4,78,1,0,-1.3718447317906342,1.0447394152038492,0,163.3807532502288
2021-03-20,2021,3,5,79,1,1,0.3298559526076152,0.19250119462146656,1,157.47906377203333
2021-03-21,2021,3,6,80,1,1,-0.7243985440850589,-0.34563800658009547,0,167.51903669412692
2021-03-22,2021,3,0,81,1,0,-0.6012835114402487,-1.2583306992637016,0,166.16711221017073
2021-03-23,2021,3,1,82,1,0,0.517102085726024,1.2697510721943968,0,159.7923346609877
2021-03-24,2021,3,2,83,1,0,1.1710119504473024,-1.1702515482056657,0,162.07416015990844
2021-03-25,2021,3,3,84,1,0,-0.049716019677454024,-0.6446522607566542,0,159.49332152385884
2021-03-26,2021,3,4,85,1,0,0.23872356319954469,-0.712688695705004,0,164.61600769655823
2021-03-27,2021,3,5,86,1,1,1.6363605657373341,1.290836004736293,0,169.83923667059491
2021-03-28,2021,3,6,87,1,1,0.17043582981216399,0.6060337230024144,0,160.26311447573065
2021-03-29,2021,3,0,88,1,0,2.53857550584646,1.0332907755337184,1,167.83428634604584
2021-03-30,2021,3,1,89,1,0,0.4961840281051628,-0.8490819907270669,1,162.77915757837692
2021-03-31,2021,3,2,90,1,0,-1.8371922818359243,0.4412047524572266,0,161.57655142383166
2021-04-01,2021,4,3,91,2,0,0.6845895995748413,0.25811348897452996,0,165.11030864059666
2021-04-02,2021,4,4,92,2,0,0.31126980066830184,1.1578681704915192,0,160.56786730674364
2021-04-03,2021,4,5,93,2,1,1.2226388097637186,1.410326937502007,0,163.0685249328571
2021-04-04,2021,4,6,94,2,1,0.6041845385658418,-1.670354949505706,0,159.93415079470236
2021-04-05,2021,4,0,95,2,0,-0.20993135192372578,0.6105721378894878,0,175.82801492793587
2021-04-06,2021,4,1,96,2,0,-1.299089518718271,-1.533612226660891,0,166.25564194108821
2021-04-07,2021,4,2,97,2,0,-0.28071412157776493,0.1792387186746109,0,162.64972492829725
2021-04-08,2021,4,3,98,2,0,-0.9241703045741863,-0.7210037492837591,0,167.28138288536576
2021-04-09,2021,4,4,99,2,0,-0.6533487909216237,-0.6550297289874548,0,165.7070874778614
2021-04-10,2021,4,5,100,2,1,0.5193232336201211,-0.49587665329977326,0,165.21525035352724
2021-04-11,2021,4,6,101,2,1,1.6039514567409392,0.42886159087799997,0,169.4364431461404
2021-04-12,2021,4,0,102,2,0,0.324824211669946,-0.5610396649755596,0,170.1928163365829
2021-04-13,2021,4,1,103,2,0,-1.2705875710052232,0.8127934295025465,1,163.78661494170402
2021-04-14,2021,4,2,104,2,0,0.3749078283713062,-0.31815885691319995,1,163.58806675637092
2021-04-15,2021,4,3,105,2,0,1.1292331712227475,-1.476689601604879,0,165.11415249387005
2021-04-16,2021,4,4,106,2,0,-0.682697597134431,0.9887602343625397,0,154.99629698395051
2021-04-17,2021,4,5,107,2,1,-0.20547897947757843,-0.7274633624236957,0,158.94070290753749
2021-04-18,2021,4,6,108,2,1,-0.056319505830880114,-0.22083930211968997,0,173.3560750243159
2021-04-19,2021,4,0,109,2,0,-0.8583477684007028,0.6499416501523875,0,174.7459059475628
2021-04-20,2021,4,1,110,2,0,0.579207579419404,-0.5665322823524359,1,165.26959895000908
2021-04-21,2021,4,2,111,2,0,-0.19237005161314463,-1.5172431666917747,0,169.38565533073492
2021-04-22,2021,4,3,112,2,0,0.3497610453132516,-0.4236350825121095,1,168.04162544637407
2021-04-23,2021,4,4,113,2,0,-0.9612549313752402,1.5425292446544527,0,181.85673051088364
2021-04-24,2021,4,5,114,2,1,-0.5098467531160432,0.4993090748488787,0,172.0316369489827
2021-04-25,2021,4,6,115,2,1,0.6535347907180357,0.6018160800394674,1,165.76013261183212
2021-04-26,2021,4,0,116,2,0,-0.44502425442680166,0.4667345484054101,0,161.58253854703037
2021-04-27,2021,4,1,117,2,0,1.661185049849455,-1.0264788670700573,0,158.28313269345406
2021-04-28,2021,4,2,118,2,0,-0.47190913829854125,-0.27057867213924985,0,167.28245234238264
2021-04-29,2021,4,3,119,2,0,0.15431830668400479,0.8756550888076488,0,162.4278411746168
2021-04-30,2021,4,4,120,2,0,0.8643861965349555,-1.3628964071434193,1,159.0375240800309
2021-05-01,2021,5,5,121,2,1,-1.4937496532175638,-0.7547076345773691,0,162.84991060162244
2021-05-02,2021,5,6,122,2,1,-1.8372384752957025,-0.7599929930976362,1,160.60385129167503
2021-05-03,2021,5,0,123,2,0,-1.60136787581115,-0.22341691048775675,1,174.37100041920823
2021-05-04,2021,5,1,124,2,0,1.1953871922479482,1.6663180705325973,1,170.26212888075747
2021-05-05,2021,5,2,125,2,0,-0.6245959497115763,-1.479621142520756,0,165.7276954308387
2021-05-06,2021,5,3,126,2,0,2.4949588876434645,0.0753087019689661,0,173.07595381807747
2021-05-07,2021,5,4,127,2,0,-0.637023237038441,-1.0941194335092173,1,165.9668518164057
2021-05-08,2021,5,5,128,2,1,0.11406232581365629,1.6329166167621927,0,161.1725272691269
2021-05-09,2021,5,6,129,2,1,1.4757666495543162,-1.321780890782695,0,172.98872711145006
2021-05-10,2021,5,0,130,2,0,1.9411664831668807,-0.32135137876596565,0,167.95709686954717
2021-05-11,2021,5,1,131,2,0,1.9967463832440668,0.8306653082052015,0,159.9610997053582
2021-05-12,2021,5,2,132,2,0,1.1410037504008141,0.7158008227942398,0,164.07582861514257
2021-05-13,2021,5,3,133,2,0,0.9561372241561126,-0.25543331113817647,0,160.52509513356625
2021-05-14,2021,5,4,134,2,0,0.5232838363555402,-0.5180507993965062,0,157.8603915121002
2021-05-15,2021,5,5,135,2,1,0.7096854583441795,-0.34198950359803365,1,169.27208886943805
2021-05-16,2021,5,6,136,2,1,-0.6239214667011986,-0.8014953069383639,0,174.05077162602004
2021-05-17,2021,5,0,137,2,0,-0.8917500310846133,-1.004627065904878,1,157.3690845832981
2021-05-18,2021,5,1,138,2,0,-0.0744373171894268,-0.04758803006620513,0,167.03082107154276
2021-05-19,2021,5,2,139,2,0,-0.24175688248766725,-0.7868230428367224,1,160.81270579438166
2021-05-20,2021,5,3,140,2,0,-0.5256646593352843,-0.721593274243255,0,161.47620091599774
2021-05-21,2021,5,4,141,2,0,0.6274615008755684,0.5510770655639525,1,160.79180817363797
2021-05-22,2021,5,5,142,2,1,0.8871699377562182,1.6255444122296399,0,159.27189116708294
2021-05-23,2021,5,6,143,2,1,0.017624305795886426,0.36801769185865363,1,163.6687152824917
2021-05-24,2021,5,0,144,2,0,1.410989565848874,-1.446961574630581,0,159.10189236816234
2021-05-25,2021,5,1,145,2,0,-1.2162281271517341,-1.4517719941416272,1,164.43581644444868
2021-05-26,2021,5,2,146,2,0,-0.2653034060378048,1.5665653934295107,1,162.65566564975495
2021-05-27,2021,5,3,147,2,0,-0.7900638873726934,-0.6877199297683594,0,161.53195637500573
2021-05-28,2021,5,4,148,2,0,-1.9432891489815103,-1.3949666404294834,0,158.0053182893469
2021-05-29,2021,5,5,149,2,1,-0.15398572874801647,0.35219052824516767,1,159.4724035694228
2021-05-30,2021,5,6,150,2,1,-0.19317185245101606,0.43698202364642613,0,165.943108643919
2021-05-31,2021,5,0,151,2,0,1.4470189184885054,0.5226414523350474,1,164.47748541009062
2021-06-01,2021,6,1,152,2,0,0.561685484555725,-0.7907232290600257,0,156.88881179667453
2021-06-02,2021,6,2,153,2,0,-1.0983670121641074,-1.6601751115732764,0,162.0739675211718
2021-06-03,2021,6,3,154,2,0,1.7887019870400205,1.6134069498014667,1,165.1320777222882
2021-06-04,2021,6,4,155,2,0,1.1537098988806742,-0.8476168402942469,0,152.8231595166144
2021-06-05,2021,6,5,156,2,1,0.5128227420860794,0.6174865300895797,1,163.67932880106173
2021-06-06,2021,6,6,157,2,1,-0.2982282845677806,0.722953255369102,0,157.4391402569141
2021-06-07,2021,6,0,158,2,0,-1.0334217001988717,0.38997086974200895,0,163.39246487163055
2021-06-08,2021,6,1,159,2,0,-0.44439596559663647,-0.6339016517856688,0,156.5079622028692
2021-06-09,2021,6,2,160,2,0,1.0210208546205775,-0.7779921078789471,0,151.08230135330928
2021-06-10,2021,6,3,161,2,0,1.8192888475636217,0.3474474781045396,0,151.74921507783216
2021-06-11,2021,6,4,162,2,0,1.4769036869401901,1.272507617686856,0,159.90542373947437
2021-06-12,2021,6,5,163,2,1,-0.5613948113382755,1.550404364989589,0,160.7396350059509
2021-06-13,2021,6,6,164,2,1,-1.1940890444298935,-1.347275005562215,0,154.69351064614744
2021-06-14,2021,6,0,165,2,0,0.0702639264086993,-1.1786761663477632,1,162.18027173240972
2021-06-15,2021,6,1,166,2,0,-1.8448923308474034,1.5435206402105937,0,150.45016634579267
2021-06-16,2021,6,2,167,2,0,0.2531020396933494,0.8260137481764207,0,158.19616411457685
2021-06-17,2021,6,3,168,2,0,-0.2191058858751695,1.3307425295687945,0,152.2387159641598
2021-06-18,2021,6,4,169,2,0,-0.5385122259678901,-1.0139329138943896,0,154.8003863190549
2021-06-19,2021,6,5,170,2,1,-1.6706254815366361,0.3127012533094818,1,158.06096521893156
2021-06-20,2021,6,6,171,2,1,0.4441159691549035,0.7040325493854631,0,153.28504462310545
2021-06-21,2021,6,0,172,2,0,-0.6053801414388111,0.631566404152956,0,155.42630774711589
2021-06-22,2021,6,1,173,2,0,-1.2445420497496764,-0.30566869766258925,0,162.14145815869642
2021-06-23,2021,6,2,174,2,0,-2.9520860016910304,-1.6591956696225978,0,153.98547854473568
2021-06-24,2021,6,3,175,2,0,-0.09865148424823342,0.296642500514947,1,160.80747816343137
2021-06-25,2021,6,4,176,2,0,1.706611093727345,-0.8400058822908019,0,150.73880002329997
2021-06-26,2021,6,5,177,2,1,1.595279766194883,-0.16057396149402411,1,158.79401014017466
2021-06-27,2021,6,6,178,2,1,-0.5295446792166663,1.5877865170529648,0,163.10992704231313
2021-06-28,2021,6,0,179,2,0,-0.6751036335467732,-0.3370857401463894,0,143.30049750113386
2021-06-29,2021,6,1,180,2,0,0.39915323074042364,1.1818925735952241,1,151.4305229372928
2021-06-30,2021,6,2,181,2,0,-1.0724868354799084,-1.062497166760917,0,158.05638409510001
2021-07-01,2021,7,3,182,3,0,0.23166094846814317,0.6051980274112664,0,153.91166776231356
2021-07-02,2021,7,4,183,3,0,0.6973671578078361,1.6547326092098094,0,156.53844428393765
2021-07-03,2021,7,5,184,3,1,1.1596274430531799,-1.3611036712170128,0,151.41866021683325
2021-07-04,2021,7,6,185,3,1,-0.17151247913348613,-1.6835775134125486,0,154.62755933232893
2021-07-05,2021,7,0,186,3,0,-0.2753482782945567,-0.21802748498569272,0,153.17250343087892
2021-07-06,2021,7,1,187,3,0,-0.9517163002083899,-1.3930419361016648,0,159.54643597888506
2021-07-07,2021,7,2,188,3,0,-0.9004580129326373,0.8668484462983551,0,154.73672457551748
2021-07-08,2021,7,3,189,3,0,-0.2982230617186431,1.439487497949877,0,154.91028862339758
2021-07-09,2021,7,4,190,3,0,0.29743480229911856,-0.2165174193346784,0,150.92120717589157
2021-07-10,2021,7,5,191,3,1,0.8453219502796135,-0.8206722241359216,0,150.3016405968957
2021-07-11,2021,7,6,192,3,1,-0.8766842308950576,-0.21519976925743758,0,150.33682455788733
2021-07-12,2021,7,0,193,3,0,1.4261943443165792,0.7809116312392504,1,154.23278485323613
2021-07-13,2021,7,1,194,3,0,-0.34300410561510797,-1.681047230805222,0,149.91757575598314
2021-07-14,2021,7,2,195,3,0,-0.09248510014560912,0.3191392032395279,1,153.2345120317422
2021-07-15,2021,7,3,196,3,0,-0.8205460480849655,0.4012891844610848,0,161.9270467447711
2021-07-16,2021,7,4,197,3,0,-2.502695891860099,0.4853651438614208,0,155.67143616379602
2021-07-17,2021,7,5,198,3,1,0.8156925143391588,-0.8781881540979328,0,149.452928840957
2021-07-18,2021,7,6,199,3,1,0.6680414952777881,0.748534053566519,0,156.85791256329188
2021-07-19,2021,7,0,200,3,0,-0.3532392222444373,-1.3972945622733393,0,148.58192330597902
2021-07-20,2021,7,1,201,3,0,-0.003857263365030786,-1.0255201368060878,0,140.20389316205083
2021-07-21,2021,7,2,202,3,0,0.44646222340099107,1.311706365807715,0,145.12815555767915
2021-07-22,2021,7,3,203,3,0,-1.6383700703729844,0.8335538136215993,1,140.59065099831292
2021-07-23,2021,7,4,204,3,0,-0.6017208384678602,-1.6648796527907752,0,147.96511492215507
2021-07-24,2021,7,5,205,3,1,0.7256376277756987,-0.8562902402765455,0,149.59498964892552
2021-07-25,2021,7,6,206,3,1,-1.3291722918399909,-0.9733576214327427,1,157.66753818540423
2021-07-26,2021,7,0,207,3,0,0.22340183615678574,-0.778991256187289,0,150.70477494976564
2021-07-27,2021,7,1,208,3,0,-1.431777050887718,-0.8591040460753416,0,147.76184791392197
2021-07-28,2021,7,2,209,3,0,0.39680179822210276,-1.4967704060904614,0,152.794109676365
2021-07-29,2021,7,3,210,3,0,-0.10680287820780382,-0.13063914847533586,1,137.38374714234897
2021-07-30,2021,7,4,211,3,0,-1.6911166149125978,0.8129120629105885,1,149.41254029472321
2021-07-31,2021,7,5,212,3,1,1.0972436477391851,0.37868210790978746,0,151.8866295850188
2021-08-01,2021,8,6,213,3,1,-0.8078874068220621,0.6066150123288274,0,140.44009036004314
2021-08-02,2021,8,0,214,3,0,-0.8837793180424464,-1.4325918248171892,1,153.35548035367552
2021-08-03,2021,8,1,215,3,0,0.1301291348412426,1.566797976621754,0,149.13593913229147
2021-08-04,2021,8,2,216,3,0,1.0810924708612621,1.177378806183355,0,145.17690981784114
2021-08-05,2021,8,3,217,3,0,-1.0899764619955472,1.0622697819171665,0,150.23038234058617
2021-08-06,2021,8,4,218,3,0,-0.009184348919153975,1.1239347020748978,0,158.23637728929387
2021-08-07,2021,8,5,219,3,1,0.3590734531268313,1.5020772383460146,0,147.6120846879015
2021-08-08,2021,8,6,220,3,1,0.6241696386908424,0.1633699055613729,0,147.7671802255618
2021-08-09,2021,8,0,221,3,0,0.10592781257404606,-1.0220336584919707,0,144.05616216169088
2021-08-10,2021,8,1,222,3,0,-0.4392012133169899,0.4133231248722419,0,141.93428061951812
2021-08-11,2021,8,2,223,3,0,-0.9011700473121547,0.8478843849614834,1,150.1694436768488
2021-08-12,2021,8,3,224,3,0,0.015354391854837073,0.830776995145434,0,141.57541268523295
2021-08-13,2021,8,4,225,3,0,-1.1464656348606723,0.08477902162554686,0,146.05561296088536
2021-08-14,2021,8,5,226,3,1,-3.0013241762810665,-1.4763259596645646,0,143.15540373579327
2021-08-15,2021,8,6,227,3,1,0.3668404032370748,-0.43331244701563315,0,147.78853385025167
2021-08-16,2021,8,0,228,3,0,0.8356426968904496,1.460915913101322,0,146.91599768365055
2021-08-17,2021,8,1,229,3,0,-2.441200847020476,0.30189058928327045,0,150.29362090722972
2021-08-18,2021,8,2,230,3,0,-1.0838667468538818,0.14296130236551588,1,142.41832648355606
2021-08-19,2021,8,3,231,3,0,0.5499924618944236,-0.7857210848204396,1,143.4858447662209
2021-08-20,2021,8,4,232,3,0,1.9927260364753239,-0.4424932452079494,0,139.81260463020806
2021-08-21,2021,8,5,233,3,1,-0.050195348041186874,1.3733111699121279,0,142.36062130366844
2021-08-22,2021,8,6,234,3,1,-0.801278651063406,0.5845294838511224,0,146.3487815978434
2021-08-23,2021,8,0,235,3,0,-0.254507520061149,1.0012603152004023,1,148.13200604171254
2021-08-24,2021,8,1,236,3,0,1.308022423080153,-0.14647485913257272,1,139.6256762636197
2021-08-25,2021,8,2,237,3,0,-0.7189893612975921,0.45972171423784947,0,148.4786909343697
2021-08-26,2021,8,3,238,3,0,-0.8726851116475736,-0.8562649161532521,0,150.8077886254668
2021-08-27,2021,8,4,239,3,0,-0.5552702657097859,0.7189244858436716,1,146.0005510021008
2021-08-28,2021,8,5,240,3,1,-1.0272924112689954,-0.23864091805533164,0,153.22603003497818
2021-08-29,2021,8,6,241,3,1,0.051992368195482974,-0.1871399580449263,0,139.88673351808154
2021-08-30,2021,8,0,242,3,0,1.558587300833904,0.5254587538717383,0,137.45104384920717
2021-08-31,2021,8,1,243,3,0,0.2530133285457522,1.5143806401040472,0,134.70441705534125
2021-09-01,2021,9,2,244,3,0,-0.32417668709938846,-1.491669822800992,1,151.00705614422043
2021-09-02,2021,9,3,245,3,0,-0.36375494890559656,1.1299980957207367,1,146.73264526336067
2021-09-03,2021,9,4,246,3,0,-1.6390169917187727,-0.7046328823175328,0,143.12209135401903
2021-09-04,2021,9,5,247,3,1,0.8147540379576632,-0.1824050573777069,0,144.7443185781622
2021-09-05,2021,9,6,248,3,1,-0.14912744900834035,-1.6367316908287561,0,137.6668000783758
2021-09-06,2021,9,0,249,3,0,-0.2520836130232694,-0.6747783767108352,0,155.47812875766127
2021-09-07,2021,9,1,250,3,0,3.1318060348509333,0.019928776089586604,0,143.85599495024982
2021-09-08,2021,9,2,251,3,0,0.22861267662785068,-1.5186546660041425,0,143.72282119082428
2021-09-09,2021,9,3,252,3,0,-0.8251394033863542,-0.019825159037573897,0,146.77611626049563
2021-09-10,2021,9,4,253,3,0,-0.498712149980576,1.4827788133322533,0,145.52928109463684
2021-09-11,2021,9,5,254,3,1,1.0809002454037588,-1.3490414915364495,0,144.22615921554922
2021-09-12,2021,9,6,255,3,1,0.04256375757190159,0.9221822846457528,0,139.14245818459207
2021-09-13,2021,9,0,256,3,0,-1.5137227060560547,-0.3004326377373815,0,145.44588401523322
2021-09-14,2021,9,1,257,3,0,0.8509834950514191,0.5456239404043866,0,152.4980284048915
2021-09-15,2021,9,2,258,3,0,-0.741237000085595,-0.8154168883887111,1,149.82005162185428
2021-09-16,2021,9,3,259,3,0,1.807965845252433,-1.162604195092912,0,151.06963993517817
2021-09-17,2021,9,4,260,3,0,1.0122937311243052,-1.159260147984314,0,140.5641202478254
2021-09-18,2021,9,5,261,3,1,-0.5197404696210256,-1.4693190112021188,1,138.19442754872242
2021-09-19,2021,9,6,262,3,1,1.2138757384671826,-1.0724701904238578,1,142.54155432935474
2021-09-20,2021,9,0,263,3,0,-0.0029898291810679404,0.5767973255094825,0,143.4829563847067
2021-09-21,2021,9,1,264,3,0,0.784325296398731,1.3262513688025852,1,148.7149575560411
2021-09-22,2021,9,2,265,3,0,0.41516052576467755,1.093407659328823,0,134.82718810984215
2021-09-23,2021,9,3,266,3,0,-0.9199937900629738,0.6488747917901405,0,150.98863348059714
2021-09-24,2021,9,4,267,3,0,-0.7165676416262358,-1.3316772031664672,0,142.60808678502002
2021-09-25,2021,9,5,268,3,1,0.962053527963101,-0.7156458490790031,0,141.3268517916123
2021-09-26,2021,9,6,269,3,1,-0.4068502145427466,-0.6445867270156681,0,138.46976355207923
2021-09-27,2021,9,0,270,3,0,-0.47593366850635427,-0.8508428459160968,0,135.3309369869269
2021-09-28,2021,9,1,271,3,0,-1.029091860738028,0.0625737597402244,0,147.80192227177258
2021-09-29,2021,9,2,272,3,0,0.35384008553446067,0.13338725629824588,0,144.13942798595863
2021-09-30,2021,9,3,273,3,0,1.9977708447981029,-0.4823417153582678,0,137.41572619206383
2021-10-01,2021,10,4,274,4,0,-1.14184547115781,-0.4930140311026192,0,137.48875530892207
2021-10-02,2021,10,5,275,4,1,-0.046759137588029714,1.1431363350952726,0,142.38977052801562
2021-10-03,2021,10,6,276,4,1,1.345480599818988,1.0078281986859858,1,152.52427156581746
2021-10-04,2021,10,0,277,4,0,-0.1509371528387894,-0.6515172290886455,1,142.99759908433498
2021-10-05,2021,10,1,278,4,0,0.38270068154527037,1.4368676114365144,1,136.90215013661071
2021-10-06,2021,10,2,279,4,0,-1.1366903905378654,1.5713618314334967,0,143.31736922109116
2021-10-07,2021,10,3,280,4,0,0.358562494402997,-0.5862226662917,1,143.31658857794716
2021-10-08,2021,10,4,281,4,0,-0.2587683158458487,-0.49082295766494904,0,131.33578726159817
2021-10-09,2021,10,5,282,4,1,0.9176876352235757,0.030277472177504216,0,144.69464053042864
2021-10-10,2021,10,6,283,4,1,1.1199595026925815,1.5310610111869405,0,143.96320336594175
2021-10-11,2021,10,0,284,4,0,2.5264190235819184,1.3077410966480354,0,148.75652045399022
2021-10-12,2021,10,1,285,4,0,0.510350685717956,-1.3587779482005562,0,154.68371613435963
2021-10-13,2021,10,2,286,4,0,0.2557386692427048,-0.3588127006364878,0,151.2410234827908
2021-10-14,2021,10,3,287,4,0,0.12392535192747729,0.19478987875273926,1,144.4388127090427
2021-10-15,2021,10,4,288,4,0,-0.42529733704473827,0.021656125480369076,0,140.4314573846269
2021-10-16,2021,10,5,289,4,1,0.26846494093448864,-1.0441547825085364,0,159.01746572861765
2021-10-17,2021,10,6,290,4,1,-0.3673560536012388,1.2474230445790222,1,146.639062058192
2021-10-18,2021,10,0,291,4,0,0.097922862699023,0.6206380823362019,0,146.61061559339228
2021-10-19,2021,10,1,292,4,0,1.2505686228985478,1.1753680771945547,0,146.62401000431268
2021-10-20,2021,10,2,293,4,0,-1.0806688715731825,1.2472421461387078,0,147.94436192116228
2021-10-21,2021,10,3,294,4,0,1.072306935220561,0.8667502427309712,0,146.44704274750833
2021-10-22,2021,10,4,295,4,0,1.2500846812824447,-0.19863280926710317,0,144.52101145520635
2021-10-23,2021,10,5,296,4,1,-0.1894816362890491,0.39182954779628415,0,144.8810377883803
2021-10-24,2021,10,6,297,4,1,-2.1993871146957584,-1.1595951488174079,0,147.68307416085355
2021-10-25,2021,10,0,298,4,0,-0.6807306917156858,0.6092815224351045,0,145.36668274699085
2021-10-26,2021,10,1,299,4,0,1.2299027170239984,-1.094503433139808,0,144.76196129702794
2021-10-27,2021,10,2,300,4,0,-0.09399045109895533,0.6792542024860995,0,149.10610031198118
2021-10-28,2021,10,3,301,4,0,-1.0734064282634965,-0.921003733118791,0,147.55215365037145
2021-10-29,2021,10,4,302,4,0,-0.5773689436218965,-1.307142046367679,1,156.60538151081292
2021-10-30,2021,10,5,303,4,1,0.7721345333112056,-1.1426428951155316,0,136.09418372201696
2021-10-31,2021,10,6,304,4,1,0.4773506128185422,-1.7053845387188773,0,155.07537413198736
2021-11-01,2021,11,0,305,4,0,-0.31071429824044033,0.7646861306292412,0,156.12221386403914
2021-11-02,2021,11,1,306,4,0,-0.43899716482789136,0.8117664501810915,0,139.80387417457587
2021-11-03,2021,11,2,307,4,0,-0.4640070440015543,0.062324564156453634,0,148.74146118417596
2021-11-04,2021,11,3,308,4,0,-0.9962795696970782,-1.1561579048284554,0,148.88675051007223
2021-11-05,2021,11,4,309,4,0,1.5492561232998117,-1.424303113964556,1,144.00037792783007
2021-11-06,2021,11,5,310,4,1,-0.39435731733800905,-1.6463272205095376,1,147.44770294946596
2021-11-07,2021,11,6,311,4,1,1.149822890281458,-1.1410449275646362,0,146.08756667684497
2021-11-08,2021,11,0,312,4,0,1.4549092490807307,1.3578357250543074,1,160.71020684975034
2021-11-09,2021,11,1,313,4,0,0.9303069568973078,-0.8798603927456085,0,156.94034281218964
2021-11-10,2021,11,2,314,4,0,-0.5039909376285502,-0.4913523716606067,0,158.93744690526003
2021-11-11,2021,11,3,315,4,0,0.33391043496054995,-1.3492059921919057,0,156.51031221871298
2021-11-12,2021,11,4,316,4,0,-0.09532204920774914,-0.945943542732793,0,147.58346755815091
2021-11-13,2021,11,5,317,4,1,-0.9775141149764721,0.07711306227601072,1,150.9373264775897
2021-11-14,2021,11,6,318,4,1,0.2542972460055561,0.38220055674393943,0,156.3423604085897
2021-11-15,2021,11,0,319,4,0,-1.2536928646236078,-0.8667114290552185,0,148.12469697837324
2021-11-16,2021,11,1,320,4,0,1.1202537353733482,-1.5132920629978095,1,158.14439417839756
2021-11-17,2021,11,2,321,4,0,-0.5370886874710952,-0.3646639512163541,0,153.72598633340462
2021-11-18,2021,11,3,322,4,0,0.13072139660911028,-0.9051331582670555,0,153.40579235436186
2021-11-19,2021,11,4,323,4,0,0.21310041311441696,-0.9556184016115484,0,159.19097634504075
2021-11-20,2021,11,5,324,4,1,-0.33074816537657,1.595650062910055,1,158.2176943056995
2021-11-21,2021,11,6,325,4,1,0.5174328755273887,0.4116581796438845,1,154.55559222217013
2021-11-22,2021,11,0,326,4,0,-0.5474064589896306,0.206876651316783,0,162.52488321717306
2021-11-23,2021,11,1,327,4,0,0.8029054856499521,-0.2793967281619065,0,151.69441522896724
2021-11-24,2021,11,2,328,4,0,-1.4211425500422332,-0.234012643363755,0,160.55451366487543
2021-11-25,2021,11,3,329,4,0,0.05571295899166735,0.1518286393690602,1,160.81897029023537
2021-11-26,2021,11,4,330,4,0,1.8737974908730775,0.6878015782953119,0,156.68780224717727
2021-11-27,2021,11,5,331,4,1,-1.074438663187276,0.7075011775244062,0,160.25162851752785
2021-11-28,2021,11,6,332,4,1,-0.7508672039836275,-1.1205546217524693,1,152.75409845707728
2021-11-29,2021,11,0,333,4,0,0.44442465202128056,0.011249499499211908,0,164.0216928185934
2021-11-30,2021,11,1,334,4,0,0.10907762877216036,-0.29255098533379154,0,158.8720404107129
2021-12-01,2021,12,2,335,4,0,0.2806482886402739,1.2877789720886321,0,157.5809439642753
2021-12-02,2021,12,3,336,4,0,0.41962844107300795,0.46375965818072995,1,165.8405394970389
2021-12-03,2021,12,4,337,4,0,0.5656072081510047,0.12287714721301626,0,157.47754639949946
2021-12-04,2021,12,5,338,4,1,1.042036057125068,-1.314574367691153,0,154.36347705374436
2021-12-05,2021,12,6,339,4,1,0.3400175946456359,0.37491250872829424,0,154.0318127518423
2021-12-06,2021,12,0,340,4,0,-0.3130469554050221,-1.308339244700143,0,165.25674827505244
2021-12-07,2021,12,1,341,4,0,0.6035750328739529,-0.5501612877087815,0,156.23876412406983
2021-12-08,2021,12,2,342,4,0,1.8346311858851696,-1.219984811066999,0,171.83147355582045
2021-12-09,2021,12,3,343,4,0,-0.20409133453731348,0.6727892854911107,1,153.0667329736388
2021-12-10,2021,12,4,344,4,0,-1.048557849770541,-1.001459384703315,0,172.37973036889377
2021-12-11,2021,12,5,345,4,1,1.0394088861000852,-0.3618156350552015,0,165.37570041520186
2021-12-12,2021,12,6,346,4,1,-0.19180133551719247,1.3744439032079199,0,164.2622123779719
2021-12-13,2021,12,0,347,4,0,-2.2503569380391064,-1.008130340782678,0,162.44825134410075
2021-12-14,2021,12,1,348,4,0,0.7789569546462582,0.037758911000377995,1,167.59740328551953
2021-12-15,2021,12,2,349,4,0,-0.6080155110469336,-0.2673468156248248,0,165.8441348086651
2021-12-16,2021,12,3,350,4,0,-0.1618623052473954,-1.6497904161184644,0,171.98101507933046
2021-12-17,2021,12,4,351,4,0,0.26194156779730216,1.0197702707136398,0,167.46935459486286
2021-12-18,2021,12,5,352,4,1,0.12002886738056455,-1.4743023831967215,0,168.08485031899787
2021-12-19,2021,12,6,353,4,1,0.6405657661620898,-0.07786197241057857,0,165.95172081343017
2021-12-20,2021,12,0,354,4,0,-0.5078688015389313,0.2199717826211558,0,167.92270965650178
2021-12-21,2021,12,1,355,4,0,0.4436201512562185,0.4534469619718594,1,170.1852180329028
2021-12-22,2021,12,2,356,4,0,-0.3313918288736452,0.660927329626771,1,160.5351537956034
2021-12-23,2021,12,3,357,4,0,0.6700140845710653,-0.8394171148222649,0,162.7857697194784
2021-12-24,2021,12,4,358,4,0,0.5461941209493495,-1.6778608023347599,1,173.6845319444989
2021-12-25,2021,12,5,359,4,1,-1.0093478733631245,0.7808973104822398,0,171.26476571416347
2021-12-26,2021,12,6,360,4,1,1.0182459028208608,0.1337414743535453,0,169.93335991606025
2021-12-27,2021,12,0,361,4,0,-0.608652710143591,1.1691970258622362,0,171.38879380195323
2021-12-28,2021,12,1,362,4,0,0.739472867472316,1.11843645487796,0,173.47828795511606
2021-12-29,2021,12,2,363,4,0,0.29735637009943305,1.1940389923330692,0,169.48564223887112
2021-12-30,2021,12,3,364,4,0,1.772744515382131,-0.04050617414785092,0,168.73718222284467
2021-12-31,2021,12,4,365,4,0,-0.2952009514507012,-0.5624924880437892,0,174.05229934856152
2022-01-01,2022,1,5,1,1,1,-0.42143608486766326,1.0156351115496396,0,168.6255764082147
2022-01-02,2022,1,6,2,1,1,-0.0905314638887382,-0.15699034975032458,0,176.00296928430052
2022-01-03,2022,1,0,3,1,0,-0.3751581796719553,-1.0800674152662122,1,165.89284869664922
2022-01-04,2022,1,1,4,1,0,0.7313321870375528,1.2341800709192297,0,179.9953001961481
2022-01-05,2022,1,2,5,1,0,-1.6922990072071087,1.3292470483921772,0,177.65585696038775
2022-01-06,2022,1,3,6,1,0,-1.1279526797980095,-0.10524311585234909,0,177.0158562941917
2022-01-07,2022,1,4,7,1,0,-1.1421163030234949,-1.4513718414403747,0,181.09138959148842
2022-01-08,2022,1,5,8,1,1,0.8821570595784699,-0.37571522305582605,1,184.94682153845207
2022-01-09,2022,1,6,9,1,1,1.6447846405667552,1.056918974791954,0,182.13200071235025
2022-01-10,2022,1,0,10,1,0,-0.17582073757485364,1.3954632736080983,0,168.2955658010454
2022-01-11,2022,1,1,11,1,0,-0.2403898211691447,-1.0110377142948777,1,171.54082353736058
2022-01-12,2022,1,2,12,1,0,-0.0007864685194888308,-1.481443968575596,0,175.25227138316825
2022-01-13,2022,1,3,13,1,0,1.0943738588906453,1.3112942200280462,0,178.94325988551185
2022-01-14,2022,1,4,14,1,0,-1.0012376140297086,-0.37027415928689367,0,181.8362248969391
2022-01-15,2022,1,5,15,1,1,0.16804435226548162,0.1547784687053501,1,176.05292141113097
2022-01-16,2022,1,6,16,1,1,0.9071231058837937,1.6239194510214545,0,181.0476716477422
2022-01-17,2022,1,0,17,1,0,0.4315718422479629,-1.4828530738383745,0,176.76750877062034
2022-01-18,2022,1,1,18,1,0,0.11910800064475746,0.5219976544849079,0,177.91571035304094
2022-01-19,2022,1,2,19,1,0,0.9330505039761732,-1.4568661688836395,0,174.3670627245812
2022-01-20,2022,1,3,20,1,0,-2.782539902598537,-0.4183007399842131,0,177.2093668364028
2022-01-21,2022,1,4,21,1,0,0.6088928411348675,1.0578731843833207,0,175.49027459062094
2022-01-22,2022,1,5,22,1,1,-0.7271256359829559,-0.2184084988238314,0,177.79039986820206
2022-01-23,2022,1,6,23,1,1,-1.9072757869952845,1.7242615069957548,1,188.3568524832867
2022-01-24,2022,1,0,24,1,0,0.44171114067067685,0.21439231538566472,1,178.75824081543522
2022-01-25,2022,1,1,25,1,0,1.3068008299856497,-0.6054539248588213,0,197.08135795200886
2022-01-26,2022,1,2,26,1,0,-0.208920805986098,-0.9536974684631646,1,186.79777703108874
2022-01-27,2022,1,3,27,1,0,0.884731853703418,-0.5042784353444879,0,185.66454322905835
2022-01-28,2022,1,4,28,1,0,1.5461492329699937,-0.42841765669847515,0,180.8550923930268
2022-01-29,2022,1,5,29,1,1,1.247877347354316,-1.4754473165479198,0,189.0522021753367
2022-01-30,2022,1,6,30,1,1,1.5739200519085472,-0.4386152826335531,1,183.07339794808675
2022-01-31,2022,1,0,31,1,0,0.6733412241477367,-0.11238105551340818,1,186.95964412644506
2022-02-01,2022,2,1,32,1,0,0.00461144106812408,0.7784645877797006,0,199.54501111493124
2022-02-02,2022,2,2,33,1,0,-1.677910404932017,0.5509854692909587,1,186.6561803085191
2022-02-03,2022,2,3,34,1,0,-0.3178664617816846,0.73031364501535,0,193.27154937125724
2022-02-04,2022,2,4,35,1,0,-0.9168742329756477,-1.6834267768863063,1,184.3947295767695
2022-02-05,2022,2,5,36,1,1,2.106519726271655,-0.9621197801946381,1,188.11773969326785
2022-02-06,2022,2,6,37,1,1,-0.2474754825282493,0.5680608208402042,0,197.52531369416963
2022-02-07,2022,2,0,38,1,0,0.05252849119809356,-0.0443152546425667,1,185.91157899024054
2022-02-08,2022,2,1,39,1,0,0.4821169315945819,-1.693938463461632,0,198.48015473577894
2022-02-09,2022,2,2,40,1,0,-0.027316956660282374,1.0602169501885959,0,193.32448277215804
2022-02-10,2022,2,3,41,1,0,1.6291747846039502,0.9510231799433451,0,187.33743451840547
2022-02-11,2022,2,4,42,1,0,-0.6956033457747901,0.17772409709225812,0,193.67200833740046
2022-02-12,2022,2,5,43,1,1,0.1241491870477457,-1.4832025280782983,1,195.72902200216993
2022-02-13,2022,2,6,44,1,1,-0.8157904764175392,0.9293308560939578,0,194.3275826330368
2022-02-14,2022,2,0,45,1,0,-1.3951061137444638,0.29935650662081587,0,183.71562051915825
2022-02-15,2022,2,1,46,1,0,-0.6846898490809921,0.9825574995659629,1,188.27512424418885
2022-02-16,2022,2,2,47,1,0,-0.10820245393162196,0.8784368583324997,1,191.01306536593847
2022-02-17,2022,2,3,48,1,0,-0.5016657705152997,1.0550732215546634,0,192.21405119165738
2022-02-18,2022,2,4,49,1,0,-0.7655880305166539,0.07292071859841565,1,196.02078021966247
2022-02-19,2022,2,5,50,1,1,-1.4816645912910178,-1.2286604900339815,0,194.13269925231558
2022-02-20,2022,2,6,51,1,1,-0.1544119130413129,0.6007075157096248,1,186.88975292230646
2022-02-21,2022,2,0,52,1,0,-1.580368001686469,0.4260402933114041,0,195.7851845547236
2022-02-22,2022,2,1,53,1,0,0.6913244462301983,0.8457191016257556,0,197.25022023993304
2022-02-23,2022,2,2,54,1,0,0.011638950174751169,-1.1268022826263704,0,197.3046524816272
2022-02-24,2022,2,3,55,1,0,-1.5330550841396886,-1.0403221292941391,0,200.2132633864989
2022-02-25,2022,2,4,56,1,0,-0.38120588597641303,1.3562986489945972,0,199.2778205174715
2022-02-26,2022,2,5,57,1,1,-0.8255058745940751,0.8723398239169321,0,197.69809170223712
2022-02-27,2022,2,6,58,1,1,0.24909664159455147,1.4177067737240727,0,195.3404184342752
2022-02-28,2022,2,0,59,1,0,1.27349132088794,0.9024512635748383,1,187.6705161419496
2022-03-01,2022,3,1,60,1,0,-1.951951373477565,0.3456796466686994,0,198.40244934025804
2022-03-02,2022,3,2,61,1,0,0.04432478759290856,0.5420365012521529,0,197.56674470958666
2022-03-03,2022,3,3,62,1,0,-0.23167435954330867,1.3518819945298426,0,198.155007568141
2022-03-04,2022,3,4,63,1,0,0.6023376409131618,0.2824464719038027,0,190.67698669914512
2022-03-05,2022,3,5,64,1,1,0.14279512714116432,0.4671107747999239,1,191.91382370662913
2022-03-06,2022,3,6,65,1,1,-0.8253182294614513,-1.172996436761612,1,202.83796123928897
2022-03-07,2022,3,0,66,1,0,-0.3910808085451456,-0.07901232415337141,0,197.6221801664491
2022-03-08,2022,3,1,67,1,0,-0.8695092931015769,0.7566133361719625,0,201.4698430303496
2022-03-09,2022,3,2,68,1,0,1.0082404639388343,-0.7785212939823837,1,198.44089751486484
2022-03-10,2022,3,3,69,1,0,-0.04967582537102435,-1.0152371489093912,0,198.67959434904262
2022-03-11,2022,3,4,70,1,0,1.8359439333694727,-0.630733147345811,1,203.44824368641858
2022-03-12,2022,3,5,71,1,1,-0.13189861305489575,-0.8799851932119119,0,196.39707769793122
2022-03-13,2022,3,6,72,1,1,-0.7816226344994971,-0.971613302426888,1,199.67281191352805
2022-03-14,2022,3,0,73,1,0,-1.5893894859489357,-0.24811971903205923,0,197.09013426275826
2022-03-15,2022,3,1,74,1,0,-1.8796986083720086,1.4163628340799541,0,197.432695875157
2022-03-16,2022,3,2,75,1,0,-1.6600260876888688,0.035190038062127435,1,198.2573156406834
2022-03-17,2022,3,3,76,1,0,0.1968898398996461,-1.064634599336283,0,201.1061482919463
2022-03-18,2022,3,4,77,1,0,0.4392259984229174,-1.4469884471780703,0,197.78831610949356
2022-03-19,2022,3,5,78,1,1,-1.6570718526215762,0.6868584787457561,0,206.6416706121969
2022-03-20,2022,3,6,79,1,1,0.8267190019167436,-0.39304050080792086,0,196.0649112999966
2022-03-21,2022,3,0,80,1,0,-0.5555887648738416,1.119961696339855,0,199.7728522657065
2022-03-22,2022,3,1,81,1,0,0.0761887293958735,0.5605703900591503,0,198.67200222485218
2022-03-23,2022,3,2,82,1,0,1.5460914272487165,1.0317746218776798,0,208.26315955092966
2022-03-24,2022,3,3,83,1,0,0.8285255035547019,-0.7750635581860915,0,202.16280516568634
2022-03-25,2022,3,4,84,1,0,-0.34040323419110924,0.6737724078681316,1,206.48514836718329
2022-03-26,2022,3,5,85,1,1,-0.9649662780896223,-0.8022337580164587,0,194.0381378542758
2022-03-27,2022,3,6,86,1,1,-2.229439109554663,1.5239882165475214,0,202.93531293397157
2022-03-28,2022,3,0,87,1,0,-0.7924020043503051,0.48083692802357486,0,206.17643522206205
2022-03-29,2022,3,1,88,1,0,-0.28282753736032595,-0.5939102970956837,0,202.2620102513703
2022-03-30,2022,3,2,89,1,0,-1.0612467031442199,-0.7834522720205171,0,207.29438408210243
2022-03-31,2022,3,3,90,1,0,-0.2027103508772231,-1.0542745532398339,0,199.49100987117805
2022-04-01,2022,4,4,91,2,0,0.006034016119058284,0.6816368111556089,0,209.22873417783393
2022-04-02,2022,4,5,92,2,1,-0.2965951956280585,-0.9585074044552792,0,213.77510607347327
2022-04-03,2022,4,6,93,2,1,-0.7230400953538889,0.3392971061667124,0,200.55911519393123
2022-04-04,2022,4,0,94,2,0,0.09811714989860092,-0.8002589274897218,0,200.2325641871793
2022-04-05,2022,4,1,95,2,0,0.3722376805229909,0.5690418098589689,0,209.80784818547895
2022-04-06,2022,4,2,96,2,0,-1.1647814623915371,1.0962130317390004,0,210.51372144641968
2022-04-07,2022,4,3,97,2,0,1.34418849035525,0.9689975341479748,0,200.0705888690304
2022-04-08,2022,4,4,98,2,0,-0.1699417529015125,0.9098124266097909,0,200.6470857827519
2022-04-09,2022,4,5,99,2,1,-0.05214536956294509,-1.0653168654852492,1,201.39634121854957
2022-04-10,2022,4,6,100,2,1,0.6393245935610186,-1.4076557631674202,0,196.1343823325585
2022-04-11,2022,4,0,101,2,0,0.1628757651614975,0.6964826844770751,0,198.3088864500388
2022-04-12,2022,4,1,102,2,0,0.8849947407667388,-0.4428437470450597,0,197.92111048912258
2022-04-13,2022,4,2,103,2,0,0.21694842193562106,-0.2222889662571609,0,199.13666939077254
2022-04-14,2022,4,3,104,2,0,-0.6853601736021938,-1.6049032012092666,0,202.83027005919695
2022-04-15,2022,4,4,105,2,0,0.29155491953469514,-0.8176919071448715,0,204.19702117884742
2022-04-16,2022,4,5,106,2,1,-1.2182714411566942,-1.596193527126099,1,210.79494180823534
2022-04-17,2022,4,6,107,2,1,0.037838667393130326,1.3176191376561324,0,198.06142455137282
2022-04-18,2022,4,0,108,2,0,-0.10438402240948723,-0.8734509667040707,1,207.97985221601272
2022-04-19,2022,4,1,109,2,0,-0.27980495362544555,0.20845752415638383,0,201.98765969546537
2022-04-20,2022,4,2,110,2,0,-0.1999825906267643,-1.5779185006570924,0,202.80399713606533
2022-04-21,2022,4,3,111,2,0,-1.9586483380687605,0.5858540176904684,0,206.4135045128256
2022-04-22,2022,4,4,112,2,0,-0.621453143365667,-0.5990260560132209,0,197.40830110238144
2022-04-23,2022,4,5,113,2,1,0.022075873329910456,1.3821786351913792,0,204.9109117360642
2022-04-24,2022,4,6,114,2,1,0.08929200198969392,1.3484022239237383,0,203.80255996941165
2022-04-25,2022,4,0,115,2,0,-1.1018659812838405,-0.5912263170251509,0,205.39851342581323
2022-04-26,2022,4,1,116,2,0,1.1985204688668782,1.3926610375822162,1,204.3426205061081
2022-04-27,2022,4,2,117,2,0,-0.9398725035269173,1.7207302312352912,1,215.12840153083295
2022-04-28,2022,4,3,118,2,0,0.9013651466669103,1.132315427415995,0,199.61297077832648
2022-04-29,2022,4,4,119,2,0,0.3574463610272025,1.1993640249403361,0,200.09114666256573
2022-04-30,2022,4,5,120,2,1,-0.7192532955580396,-0.8541105887109038,0,199.56962653243198
2022-05-01,2022,5,6,121,2,1,1.7096797320588932,0.27519439595625683,0,199.84192596357036
2022-05-02,2022,5,0,122,2,0,-1.2683344812517556,-1.480471093519922,0,199.36119220975093
2022-05-03,2022,5,1,123,2,0,0.8509085057832867,-1.3851416323600352,0,208.4169114359197
2022-05-04,2022,5,2,124,2,0,0.93258531319043,1.7301554355370032,0,209.49298787249603
2022-05-05,2022,5,3,125,2,0,-0.7437206851395689,-0.5865786354970386,0,199.45036370521095
2022-05-06,2022,5,4,126,2,0,1.3256650164254742,0.8661576938137878,1,198.05099179464275
2022-05-07,2022,5,5,127,2,1,-0.3218626545585153,1.0676966661011402,0,204.47362459663614
2022-05-08,2022,5,6,128,2,1,0.21852267879885373,1.2446884671705032,1,199.25436959089993
2022-05-09,2022,5,0,129,2,0,0.19006424731541163,1.725798327123154,0,205.07430235041585
2022-05-10,2022,5,1,130,2,0,-0.20577144467811395,-0.8799994699981547,0,202.8136982919169
2022-05-11,2022,5,2,131,2,0,0.7422317416736743,-1.5731919863462736,0,194.10514643854088
2022-05-12,2022,5,3,132,2,0,0.7248592991041318,-0.2951927796992829,0,209.30158454874746
2022-05-13,2022,5,4,133,2,0,-1.824924145888714,-1.2639630617201292,0,210.41911130250418
2022-05-14,2022,5,5,134,2,1,1.2372708454215744,-1.6349652941423545,0,198.2469832510365
2022-05-15,2022,5,6,135,2,1,-1.7386214142025846,-0.4701391547515923,0,199.23922986863641
2022-05-16,2022,5,0,136,2,0,0.9646468099048724,0.9886858255825242,0,202.46955191383046
2022-05-17,2022,5,1,137,2,0,1.0590932822869772,0.23893425965354317,0,202.5707429388655
2022-05-18,2022,5,2,138,2,0,-1.1653505477298067,-0.6343476101055072,0,204.0452327879906
2022-05-19,2022,5,3,139,2,0,-0.4831213760126349,0.5427576867596843,0,210.6534778703591
2022-05-20,2022,5,4,140,2,0,-1.180133793217495,-0.9126638094127557,0,199.56362823388753
2022-05-21,2022,5,5,141,2,1,-0.2866299050335688,-1.6626882278242978,0,196.29882810867664
2022-05-22,2022,5,6,142,2,1,-0.38002750556292847,0.921881286001008,0,193.231785411946
2022-05-23,2022,5,0,143,2,0,0.7109888826893308,0.4373070249995852,1,196.30799347959444
2022-05-24,2022,5,1,144,2,0,1.2432575751101347,0.9148139058854965,0,199.62754462238507
2022-05-25,2022,5,2,145,2,0,1.3288933557485103,-1.5780608433033592,1,208.592858169675
2022-05-26,2022,5,3,146,2,0,-0.6349373144207074,1.1726498801590786,0,196.85533623835627
2022-05-27,2022,5,4,147,2,0,-0.28091334456561484,0.42277470534545775,0,200.3821729040688
2022-05-28,2022,5,5,148,2,1,-1.7596315833162828,0.22933535896593366,0,198.9975586557277
2022-05-29,2022,5,6,149,2,1,-0.8793835647645888,0.44030855738207597,0,204.83476312604145
2022-05-30,2022,5,0,150,2,0,0.8967455148855246,1.2667786645544183,0,211.33735118069487
2022-05-31,2022,5,1,151,2,0,1.5494638899188178,0.31046339915756194,1,195.85509214390362
2022-06-01,2022,6,2,152,2,0,-1.3091708466567322,0.2898338800164278,0,195.86592734461271
2022-06-02,2022,6,3,153,2,0,-0.6653260647770876,1.7018500494689217,0,203.3346469159076
2022-06-03,2022,6,4,154,2,0,-0.09753894907131898,0.8956099826162442,0,201.3211360900973
2022-06-04,2022,6,5,155,2,1,0.20996415212061637,-0.1880074042952698,1,206.94025908743794
2022-06-05,2022,6,6,156,2,1,-0.8831284193049694,0.7255969558904377,0,200.41870530232842
2022-06-06,2022,6,0,157,2,0,0.3543034751831534,-0.3708754122232975,0,195.49233513424454
2022-06-07,2022,6,1,158,2,0,-0.5463388992794882,-0.9234943115218216,0,200.02928221866287
2022-06-08,2022,6,2,159,2,0,-0.08554895977153028,0.34463396273596736,1,202.40431242503286
2022-06-09,2022,6,3,160,2,0,0.47689992049949737,1.4864713338437325,1,200.74565929915525
2022-06-10,2022,6,4,161,2,0,-0.06461067299785703,1.4897708218983283,0,198.95983395932103
2022-06-11,2022,6,5,162,2,1,-0.5087710684243668,-0.533968517439481,1,201.53490899064974
2022-06-12,2022,6,6,163,2,1,-0.18099708221353172,0.10624361328171092,1,201.82403698610838
2022-06-13,2022,6,0,164,2,0,-0.15968535447701465,-0.982905669367003,0,202.6624252633937
2022-06-14,2022,6,1,165,2,0,-0.44219351409983926,1.7189155749955576,0,198.76739541300762
2022-06-15,2022,6,2,166,2,0,-0.3306389217501375,1.6688998657876586,0,194.45871279208976
2022-06-16,2022,6,3,167,2,0,1.5324765192550058,0.5261018365067347,1,195.79666807651657
2022-06-17,2022,6,4,168,2,0,0.49157981299842696,1.0599392441585147,0,200.8628783320504
2022-06-18,2022,6,5,169,2,1,-0.3674352024580623,0.7521437567202858,1,190.51142503966605
2022-06-19,2022,6,6,170,2,1,0.6280301892870727,0.3319047992094529,0,196.20387494325053
2022-06-20,2022,6,0,171,2,0,-0.40589145326776566,-1.528400857673371,1,192.15695392442495
2022-06-21,2022,6,1,172,2,0,1.1056545376101168,-0.1450311697471173,0,194.02934611947563
2022-06-22,2022,6,2,173,2,0,0.29971844015873406,0.6132132639261267,0,200.03878996219726
2022-06-23,2022,6,3,174,2,0,-0.1786823752250531,0.6226742165110755,1,194.36196976898754
2022-06-24,2022,6,4,175,2,0,0.3780315961935635,-0.42638664438093,1,193.397736880423
2022-06-25,2022,6,5,176,2,1,-1.646725804375757,1.5330294038019796,1,186.124590128225
2022-06-26,2022,6,6,177,2,1,-1.2012609146280961,-1.1355004557474482,0,196.4127936172709
2022-06-27,2022,6,0,178,2,0,-1.2686235359139386,0.012099662173854782,0,195.66604138126556
2022-06-28,2022,6,1,179,2,0,0.07232705540524569,0.6686894173868025,0,203.01153015483413
2022-06-29,2022,6,2,180,2,0,1.6667531500413324,0.6902346068141599,0,190.4126445764167
2022-06-30,2022,6,3,181,2,0,2.1670614727823434,0.5231037169584918,0,192.80331163405356
2022-07-01,2022,7,4,182,3,0,0.5689470089691033,-0.7635456857808154,0,192.7103496476189
2022-07-02,2022,7,5,183,3,1,0.4313213847410303,-1.1739274242854456,0,199.10651785243496
2022-07-03,2022,7,6,184,3,1,-1.877610308492643,0.47934142393221013,1,190.4986450250141
2022-07-04,2022,7,0,185,3,0,-0.6153835566555163,0.35307803021453127,0,192.12625456035272
2022-07-05,2022,7,1,186,3,0,-0.8612420186985243,-1.0941493181883801,0,193.52690869295859
2022-07-06,2022,7,2,187,3,0,-0.6937960801168728,0.7178158890317953,0,191.17710782290433
2022-07-07,2022,7,3,188,3,0,-0.2397098463979322,-0.14362632032698466,0,187.76898882279528
2022-07-08,2022,7,4,189,3,0,-0.5445847895630372,0.5890011082973189,0,190.72926181404966
2022-07-09,2022,7,5,190,3,1,-2.0563966953481376,1.173502654382411,1,194.88528729233934
2022-07-10,2022,7,6,191,3,1,0.6791416484384118,-1.1273280984150515,1,184.14363175673938
2022-07-11,2022,7,0,192,3,0,-1.1470714931350632,-1.6462724202112566,1,189.70100040425635
2022-07-12,2022,7,1,193,3,0,0.16892491449126895,0.9727102977501083,1,185.2964566031853
2022-07-13,2022,7,2,194,3,0,2.0093638900379216,0.38890256886220564,0,194.53426784124517
2022-07-14,2022,7,3,195,3,0,-0.9932447373145755,0.6988631315080885,0,180.70623975987783
2022-07-15,2022,7,4,196,3,0,-2.6090669984769645,1.1762179159171469,0,185.29197005172256
2022-07-16,2022,7,5,197,3,1,-0.35793016847347325,1.0544145206337434,0,189.73840855849673
2022-07-17,2022,7,6,198,3,1,1.0332691595695633,1.599293905402796,0,195.44720318450447
2022-07-18,2022,7,0,199,3,0,1.8932752455668689,0.13470117644227717,0,187.05962818364372
2022-07-19,2022,7,1,200,3,0,-1.3043569133309836,-0.028785668574330184,0,184.38283907415732
2022-07-20,2022,7,2,201,3,0,0.42716347438017416,-0.32725752189013946,0,196.33683772167956
2022-07-21,2022,7,3,202,3,0,-0.5377839637036587,-1.1825964838243843,0,179.46505414672146
2022-07-22,2022,7,4,203,3,0,-0.17732445136010108,0.2610815464411211,0,175.48711735687831
2022-07-23,2022,7,5,204,3,1,2.5813660133006744,-0.7576033283701645,0,188.45929112916488
2022-07-24,2022,7,6,205,3,1,-1.5786126118105446,1.4627799872965486,0,183.52916316775125
2022-07-25,2022,7,0,206,3,0,0.18346196957117422,0.2975548789791572,0,180.7157240749108
2022-07-26,2022,7,1,207,3,0,0.3980688450460158,0.33080876794730935,1,189.14845685397816
2022-07-27,2022,7,2,208,3,0,1.0180495136834145,-0.4891008390784143,0,186.61289066335885
2022-07-28,2022,7,3,209,3,0,0.02722981670994459,-1.5330830494822099,0,182.36322515330042
2022-07-29,2022,7,4,210,3,0,0.23793870061038314,-1.6028538277097872,1,178.57443823057045
2022-07-30,2022,7,5,211,3,1,-0.4638971277422521,-0.25334315270978336,0,189.13329068211766
2022-07-31,2022,7,6,212,3,1,0.19889623856325045,-1.4208188440384535,0,187.81984604191382
2022-08-01,2022,8,0,213,3,0,-0.4152928613582924,0.3790792188620529,0,183.87367880658198
2022-08-02,2022,8,1,214,3,0,0.5524174736321725,1.3237783387896191,0,193.4064316544158
2022-08-03,2022,8,2,215,3,0,-0.4417915966337866,1.330470249419244,1,178.62956979972518
2022-08-04,2022,8,3,216,3,0,0.30719941750914126,0.558966661506877,1,176.162260069258
2022-08-05,2022,8,4,217,3,0,-0.10040473059673548,-0.9842981741315922,0,180.14346919718506
2022-08-06,2022,8,5,218,3,1,1.05843639635897,1.2618284583730826,0,183.1915194550309
2022-08-07,2022,8,6,219,3,1,-0.12260322324962275,1.3414244742243875,0,184.455987195759
2022-08-08,2022,8,0,220,3,0,-1.84949945977893,-1.0345380424421935,0,181.856433541315
2022-08-09,2022,8,1,221,3,0,1.1947225660972531,0.8290838403305805,0,184.64978017850018
2022-08-10,2022,8,2,222,3,0,-0.9795507556098553,-0.7248400146662313,0,176.46234188242644
2022-08-11,2022,8,3,223,3,0,-0.7268153468368955,1.0538265177836899,0,189.7731241510304
2022-08-12,2022,8,4,224,3,0,-0.6685328626827944,1.7244529308239986,0,181.98161245935094
2022-08-13,2022,8,5,225,3,1,1.3075827585552606,-1.608773609506674,0,187.82079746926556
2022-08-14,2022,8,6,226,3,1,-2.213248630700715,1.3802717678248475,0,183.7938542380439
2022-08-15,2022,8,0,227,3,0,3.076277946806578,0.4334729267777275,0,184.2139373538252
2022-08-16,2022,8,1,228,3,0,0.9882292106518329,1.6422423466370155,1,184.6330600949134
2022-08-17,2022,8,2,229,3,0,0.15286807988246442,-0.1097240262716704,0,183.88100052256337
2022-08-18,2022,8,3,230,3,0,-0.12611418932482996,1.2080367270449837,0,184.7185588137041
2022-08-19,2022,8,4,231,3,0,0.21537353689378005,-1.4972260901345684,1,188.01751862988644
2022-08-20,2022,8,5,232,3,1,0.4516612624190126,-0.5568039677130234,0,182.2255655941635
2022-08-21,2022,8,6,233,3,1,0.5761333721794208,-1.4812960370108958,0,184.6636429285281
2022-08-22,2022,8,0,234,3,0,0.48624860031848355,1.6489987134493058,0,180.55013719771952
2022-08-23,2022,8,1,235,3,0,0.018801685261289242,1.103223262457805,0,188.08418557226966
2022-08-24,2022,8,2,236,3,0,-0.26899360177298653,1.2258174753459812,0,177.39107791074807
2022-08-25,2022,8,3,237,3,0,-0.22278779270221497,1.5201861793833251,0,189.67190003493204
2022-08-26,2022,8,4,238,3,0,-0.2665560407253891,-1.4189644045382965,0,180.36534611475687
2022-08-27,2022,8,5,239,3,1,1.066179817102453,-0.3833951189839058,1,173.31603751192856
2022-08-28,2022,8,6,240,3,1,0.5243167541272479,-1.467447907916698,0,181.01910958327832
2022-08-29,2022,8,0,241,3,0,-3.0204204656206,-0.9858101346763904,0,176.8869577627615
2022-08-30,2022,8,1,242,3,0,0.5868511928931842,-0.9218045789055777,1,184.41407164724438
2022-08-31,2022,8,2,243,3,0,0.12427831967028079,-0.09560246627487716,0,176.87143493988722
2022-09-01,2022,9,3,244,3,0,-0.08981844367489734,-0.7867251309039685,1,177.83245395723716
2022-09-02,2022,9,4,245,3,0,-0.46075745475435204,-1.3642569435103595,0,170.54964986339922
2022-09-03,2022,9,5,246,3,1,1.056492948795868,-1.1350384661076791,1,177.67501964886247
2022-09-04,2022,9,6,247,3,1,0.8793674367917403,-1.2047056472511104,0,167.76161534995484
2022-09-05,2022,9,0,248,3,0,-0.8462904148341247,1.6411884188253076,1,171.91126773397562
2022-09-06,2022,9,1,249,3,0,0.33724277697946187,0.9044403735998173,1,183.58797867683515
2022-09-07,2022,9,2,250,3,0,-1.0456765074674264,1.6228706045647063,0,183.67542637016436
2022-09-08,2022,9,3,251,3,0,-1.454883758841132,-0.19680670723523086,0,181.83967156326116
2022-09-09,2022,9,4,252,3,0,-0.699683630955326,-0.7529303988833321,0,174.84893896189266
2022-09-10,2022,9,5,253,3,1,0.7939744703252174,1.0388453955991077,0,179.42221469177989
2022-09-11,2022,9,6,254,3,1,0.8849831168408323,-0.5879065728453319,0,179.62526293523726
2022-09-12,2022,9,0,255,3,0,0.44359971094742584,-0.6805084236245189,0,173.83954355239246
2022-09-13,2022,9,1,256,3,0,0.6562575089851556,-0.9109827015008025,0,187.14207027492554
2022-09-14,2022,9,2,257,3,0,0.4467020228752837,-1.2653473800120818,0,184.01125391193122
2022-09-15,2022,9,3,258,3,0,-0.7144930886075357,-0.828421333065995,0,178.5246670584676
2022-09-16,2022,9,4,259,3,0,0.3621889826209377,-0.4877392796610255,0,179.7746725334904
2022-09-17,2022,9,5,260,3,1,0.7318012383380047,0.6104835323850727,0,180.69864920625565
2022-09-18,2022,9,6,261,3,1,0.6855422084775918,-1.4966375663894822,0,169.4703138444304
2022-09-19,2022,9,0,262,3,0,1.1214914866889993,-0.98679631194966,0,178.47113855378655
2022-09-20,2022,9,1,263,3,0,0.6394142905858485,1.0758248805213932,0,176.33094711981076
2022-09-21,2022,9,2,264,3,0,0.2814688952242855,-1.2059243689549473,0,174.77243645074833
2022-09-22,2022,9,3,265,3,0,1.002365678019533,-0.5314187669061852,0,178.42054633052302
2022-09-23,2022,9,4,266,3,0,-0.09765480407909294,1.26755639058284,0,188.8658510540782
2022-09-24,2022,9,5,267,3,1,-0.9556202501564144,-1.1783429217290584,1,183.13887712078656
2022-09-25,2022,9,6,268,3,1,-0.2346174882011858,-1.4271204066592973,0,177.141898728972
2022-09-26,2022,9,0,269,3,0,-0.8182299624795499,-0.042424564758626444,0,182.9297358716974
